name,price,rpm,noise_level,color,size,image
Thermalright Peerless Assassin 120 SE,34.9,1550,25.6,Black / Silver,,https://m.media-amazon.com/images/I/41hFTmi5aUL.jpg
ARCTIC Liquid Freezer III Pro 360,84.99,"600,3000",,Black,360.0,https://cdna.pcpartpicker.com/static/forever/images/product/a0b2a92bb4ec2c95b5e492c9513b2c0b.256p.jpg
Cooler Master Hyper 212 Black Edition,25.99,"650,2000","6.5,26",Black,,https://cdna.pcpartpicker.com/static/forever/images/product/716d4c601ae190184020710e098e7b36.256p.jpg
Thermalright Phantom Spirit 120 SE ARGB,37.9,1500,25.6,Black / Silver,,https://m.media-amazon.com/images/I/51KizlEeQZL.jpg
Thermalright Aqua Elite V3,54.9,1500,25.6,Black,360.0,https://m.media-amazon.com/images/I/318f4Q17BeL.jpg
Noctua NH-D15 chromax.black,139.94,"300,1500","19.2,24.6",Black,,https://m.media-amazon.com/images/I/51kgqhkUNuL.jpg
NZXT Kraken 360,179.99,"500,1800","17.9,30.6",Black,360.0,https://cdna.pcpartpicker.com/static/forever/images/product/da52d72313deb270a5397a87703991d0.256p.jpg
Corsair NAUTILUS 360 RS ARGB,129.99,2100,34,Black,360.0,https://cdna.pcpartpicker.com/static/forever/images/product/3dfb3eca3bd8bf176490b7955ae6345c.256p.jpg
ARCTIC Liquid Freezer III 360 A-RGB,159.99,"200,2000",,Black,360.0,https://cdna.pcpartpicker.com/static/forever/images/product/a0b2a92bb4ec2c95b5e492c9513b2c0b.256p.jpg
Thermalright Assassin X 120 Refined SE,17.89,1550,25.6,Black / Silver,,https://m.media-amazon.com/images/I/41aJwdGRuAL.jpg
Cooler Master MasterLiquid 360L Core ARGB,74.98,"350,1750",27.2,Black,360.0,https://cdna.pcpartpicker.com/static/forever/images/product/17af431eeae6b8cc280717a7f3bf3da3.256p.jpg
ARCTIC Liquid Freezer III Pro A-RGB 360,93.99,"600,3000",,Black,360.0,https://cdna.pcpartpicker.com/static/forever/images/product/4b3cb378557216401dabfeb2bb0719e1.256p.jpg
Thermalright Phantom Spirit 120 SE,35.9,1500,25.6,Black / Silver,,https://m.media-amazon.com/images/I/51KizlEeQZL.jpg
ID-COOLING SE-214-XT ARGB,17.98,"500,1500","13.8,30.5",Black,,https://m.media-amazon.com/images/I/5130uHBNUnL.jpg
NZXT Kraken 240,99.99,"500,1800","17.9,30.6",Black,240.0,https://cdna.pcpartpicker.com/static/forever/images/product/157afeba59d05304fe181106745e6177.256p.jpg
Thermalright Aqua Elite V3,44.9,1500,25.6,Black,240.0,https://m.media-amazon.com/images/I/318f4Q17BeL.jpg
Thermalright Peerless Assassin 120 SE ARGB,36.9,1550,25.6,Black,,https://cdna.pcpartpicker.com/static/forever/images/product/1e057960fccae4328fbdc13bb45bf42c.256p.jpg
ARCTIC Liquid Freezer III 360 A-RGB,149.99,"200,2000",,White,360.0,https://cdna.pcpartpicker.com/static/forever/images/product/a0b2a92bb4ec2c95b5e492c9513b2c0b.256p.jpg
AMD Wraith Prism,62.35,2800,42,,,https://cdna.pcpartpicker.com/static/forever/images/product/00979205bfe0f63cf50f396392775b9f.256p.jpg
ARCTIC Freezer 36,44.19,"200,1800",,Black,,https://m.media-amazon.com/images/I/41LLTGkmTRL.jpg
Corsair NAUTILUS 360 RS ARGB,129.99,2100,34,White,360.0,https://cdna.pcpartpicker.com/static/forever/images/product/3dfb3eca3bd8bf176490b7955ae6345c.256p.jpg
ARCTIC Liquid Freezer III Pro A-RGB 360,100.49,"600,3000",,White,360.0,https://cdna.pcpartpicker.com/static/forever/images/product/4b3cb378557216401dabfeb2bb0719e1.256p.jpg
Thermalright Phantom Spirit EVO,59.99,2150,27,Black,,https://cdna.pcpartpicker.com/static/forever/images/product/df16c34a7f230bb2f6848cd90c87e0fb.256p.jpg
Noctua NH-D15,129.94,"300,1500","19.2,24.6",,,https://m.media-amazon.com/images/I/51kgqhkUNuL.jpg
be quiet! Dark Rock Pro 5,99.9,"1300,2000","8.9,23.3",Black,,https://cdna.pcpartpicker.com/static/forever/images/product/a0191a4cb06d0077eab9a260cc759c8b.256p.jpg
NZXT Kraken Elite 360 RGB,,"500,1800","17.9,30.6",White,360.0,https://cdna.pcpartpicker.com/static/forever/images/product/87647223e3478a0264b523d38ec982e1.256p.jpg
NZXT Kraken 360 RGB,219.99,"500,1800","17.9,30.6",White,360.0,https://cdna.pcpartpicker.com/static/forever/images/product/da52d72313deb270a5397a87703991d0.256p.jpg
Asus ROG STRIX LC 360 RGB GUNDAM,1621.0,"800,2500",37.6,White,360.0,https://cdna.pcpartpicker.com/static/forever/images/product/a0b2a92bb4ec2c95b5e492c9513b2c0b.256p.jpg
Thermalright Frozen Notte ARGB,55.39,2000,27.7,Black,360.0,https://cdna.pcpartpicker.com/static/forever/images/product/315dec7805c5f01538f5748620fddffa.256p.jpg
Thermalright Peerless Assassin 120 SE WHITE ARGB,36.9,1550,25.6,White,,https://cdna.pcpartpicker.com/static/forever/images/product/c09b33bf4c2452bbc71fac7691860f4a.256p.jpg
ARCTIC Liquid Freezer III Pro,70.98,"600,3000",,Black,240.0,https://cdna.pcpartpicker.com/static/forever/images/product/a0b2a92bb4ec2c95b5e492c9513b2c0b.256p.jpg
Corsair iCUE LINK TITAN 360 RX LCD,194.99,"300,2100","10,36",Black,360.0,https://cdna.pcpartpicker.com/static/forever/images/product/34813b9b3153ddbea54e46dfe496930e.256p.jpg
ID-COOLING FROZN A620 PRO SE,29.99,"300,2000",27.2,Black,,https://cdna.pcpartpicker.com/static/forever/images/product/c4c978ad9ecf59156eab170fbfbabe21.256p.jpg
Noctua NH-L9x65 chromax.black,79.95,"600,2500","14.8,23.6",Black,,https://cdna.pcpartpicker.com/static/forever/images/product/6082032e0eb29f8eed91a12a4f976321.256p.jpg
Thermalright Assassin King SE ARGB,19.09,1550,25.6,White,,https://m.media-amazon.com/images/I/41oLozsjh1L.jpg
Corsair iCUE H150i ELITE LCD XT,,"550,2100","5,34.1",Black,360.0,https://cdna.pcpartpicker.com/static/forever/images/product/3ec80850afc7392a6dad4b82ef95c424.256p.jpg
Lian Li Galahad II Trinity SL-INF,168.99,2100,29,Black,360.0,https://cdna.pcpartpicker.com/static/forever/images/product/9a5bcf4f476d82ad6aff9287d2cb0b3a.256p.jpg
NZXT Kraken 360 RGB,199.99,"500,1800","17.9,30.6",Black,360.0,https://cdna.pcpartpicker.com/static/forever/images/product/da52d72313deb270a5397a87703991d0.256p.jpg
Noctua NH-L9A-AM5,49.95,"600,2500","14.8,23.6",Brown / Silver,,https://cdna.pcpartpicker.com/static/forever/images/product/e34aa9b26728023fbd3919e021729b44.256p.jpg
Thermalright Assassin X SE,16.89,2200,23.85,Black / Silver,,https://m.media-amazon.com/images/I/41aQSKl8SfL.jpg
Asus ROG Ryujin III 360 ARGB Extreme,374.99,"1,2800",36,Black,360.0,https://cdna.pcpartpicker.com/static/forever/images/product/39b44057eccd6eb120ce03241efb9758.256p.jpg
Thermalright Aqua Elite V3,54.59,1500,25.6,White,360.0,https://m.media-amazon.com/images/I/318f4Q17BeL.jpg
Cooler Master MasterLiquid 240L Core ARGB,84.99,"350,1750",27.2,Black,240.0,https://cdna.pcpartpicker.com/static/forever/images/product/6bda3e4685a8a28b5cd9d04ef76eb46b.256p.jpg
Thermalright AQUA ELITE ARGB V4,60.9,1550,25.6,Black,360.0,https://m.media-amazon.com/images/I/31q+8WFRGXL.jpg
Lian Li Hydroshift LCD 360S,179.99,"200,2500",29.8,White,360.0,https://cdna.pcpartpicker.com/static/forever/images/product/47f6e66e2ffc069e7958649020d76c4c.256p.jpg
ID-COOLING SE-903-XT,14.99,"500,2200",25.8,Black,,https://cdna.pcpartpicker.com/static/forever/images/product/6d5bb0572a7037396468750e4aa5e25a.256p.jpg
Cooler Master Hyper 212 (2023),25.99,"690,2500",32.8,Black,,https://cdna.pcpartpicker.com/static/forever/images/product/3019d492bb40655131e966a12433e19c.256p.jpg
Lian Li Hydroshift LCD 360S,174.49,"200,2500",29.8,Black,360.0,https://cdna.pcpartpicker.com/static/forever/images/product/47f6e66e2ffc069e7958649020d76c4c.256p.jpg
Cooler Master Hyper 212 Spectrum V3,16.98,"650,1750",27.2,Black / Silver,,https://cdna.pcpartpicker.com/static/forever/images/product/99c2387300d7c25362407dbfeef14536.256p.jpg
Noctua NH-L9A-AM5 CHROMAX.BLACK,59.95,"600,2500","14.8,23.6",Black,,https://cdna.pcpartpicker.com/static/forever/images/product/7da2ce71b33904d0f379f9398d4515d7.256p.jpg
NZXT Kraken 240 RGB,114.99,"500,1800","17.9,30.6",White,240.0,https://cdna.pcpartpicker.com/static/forever/images/product/ebd0dcafaf707dc2d772c44585ea8e10.256p.jpg
Corsair NAUTILUS 240 RS ARGB,99.99,2100,34,Black,240.0,https://cdna.pcpartpicker.com/static/forever/images/product/99d2124a37493f5a3bfe1b442e32e4de.256p.jpg
Deepcool AK620 ZERO DARK,,"500,1850",28,Black,,https://cdna.pcpartpicker.com/static/forever/images/product/048ee8d7e1ab67674cc0aac0e4e0e281.256p.jpg
ARCTIC Liquid Freezer III 240,,"200,1800",,Black,240.0,https://cdna.pcpartpicker.com/static/forever/images/product/2fc6853c4556dfb16bb10580c1a9cbb1.256p.jpg
NZXT Kraken Elite 360 RGB (2024),289.99,"500,2400",30,White,360.0,https://cdna.pcpartpicker.com/static/forever/images/product/87647223e3478a0264b523d38ec982e1.256p.jpg
Thermalright AXP90-X47,22.39,2700,22.4,Black,,https://m.media-amazon.com/images/I/41vcBqu9GoS.jpg
MSI MAG CORELIQUID A13,109.99,,,Black,360.0,https://cdna.pcpartpicker.com/static/forever/images/product/94534ff5409f98708d38cc1b06d0adf7.256p.jpg
Corsair iCUE LINK TITAN 360 RX RGB,199.95,"300,2100",,Black,360.0,https://cdna.pcpartpicker.com/static/forever/images/product/6254fe41ae3b29682baddb5bc3088cab.256p.jpg
Thermalright Assassin Spirit 120 EVO,25.39,2000,28.2,Black,,https://m.media-amazon.com/images/I/41e3ob6-J3L.jpg
Noctua NH-U12A chromax.black,139.94,"450,2000","18.8,22.6",Black,,https://cdna.pcpartpicker.com/static/forever/images/product/3a24ca834f2b252f719640f8b8448b6c.256p.jpg
TRYX PANORAMA SE ARGB,279.99,"500,1850",,Black,360.0,https://cdna.pcpartpicker.com/static/forever/images/product/4396205566edcb98b328393b5a6e8c12.256p.jpg
Thermalright Assassin Spirit 120 EVO DARK,25.9,1850,27,Black,,https://m.media-amazon.com/images/I/41e3ob6-J3L.jpg
NZXT Kraken Elite 360 RGB,299.99,"500,1800","17.9,30.6",Black,360.0,https://cdna.pcpartpicker.com/static/forever/images/product/87647223e3478a0264b523d38ec982e1.256p.jpg
Thermalright Peerless Assassin 120 Black,48.69,1550,25.6,Black,,https://m.media-amazon.com/images/I/41TOck4ZY5L.jpg
Corsair iCUE LINK TITAN 360 RX LCD,219.99,"300,2100","10,36",White,360.0,https://cdna.pcpartpicker.com/static/forever/images/product/34813b9b3153ddbea54e46dfe496930e.256p.jpg
Thermalright Assassin X Refined SE ARGB,,1550,25.6,Black / Silver,,https://m.media-amazon.com/images/I/41NnYMvz2hL.jpg
Noctua NH-U12S chromax.black,99.95,"300,1500","18.6,22.4",Black,,https://cdna.pcpartpicker.com/static/forever/images/product/03d2c7690b9a62e9131a8514ea3c0dfa.256p.jpg
Thermalright Assassin X 120 R Digital ARGB,24.9,2000,29.8,Black,,https://m.media-amazon.com/images/I/41-Cw6pz6eL.jpg
Thermalright Peerless Assassin 120 White,47.59,1550,25.6,White,,https://m.media-amazon.com/images/I/41Zo8GoB2GS.jpg
Lian Li Galahad II Trinity SL-INF,179.99,2100,29,White,360.0,https://cdna.pcpartpicker.com/static/forever/images/product/9a5bcf4f476d82ad6aff9287d2cb0b3a.256p.jpg
TRYX PANORAMA SE ARGB,279.99,"500,1850",,White,360.0,https://cdna.pcpartpicker.com/static/forever/images/product/4396205566edcb98b328393b5a6e8c12.256p.jpg
Deepcool AK400,,"500,1850",29,Black / Silver,,https://cdna.pcpartpicker.com/static/forever/images/product/f11e54d5a812379d28e34bc51143332b.256p.jpg
Noctua NH-D15 G2,179.95,1500,24.8,Brown / Silver,,https://cdna.pcpartpicker.com/static/forever/images/product/842c59679e64a6502bd922204c4d8a24.256p.jpg
Corsair NAUTILUS 360 RS,104.99,2100,34,Black,360.0,https://cdna.pcpartpicker.com/static/forever/images/product/3dfb3eca3bd8bf176490b7955ae6345c.256p.jpg
ID-COOLING FROZN A410 BLACK,26.99,"500,2000",29.85,Black,,https://m.media-amazon.com/images/I/41U7+6OZpVL.jpg
be quiet! Dark Rock 5,72.9,2100,"11.9,29.8",Black,,https://cdna.pcpartpicker.com/static/forever/images/product/7b7e8cf40e763260dde7362ecc53ce5c.256p.jpg
NZXT Kraken Elite 360 (2024),269.99,"500,2000",30,Black,360.0,https://cdna.pcpartpicker.com/static/forever/images/product/fd99aab7f118f143c3e5fb3ffbe7634c.256p.jpg
be quiet! Pure Rock 3,34.9,2000,"12.4,31.2",Black,,https://cdna.pcpartpicker.com/static/forever/images/product/0c15d5db66e04ad50dd39228ced3a511.256p.jpg
ARCTIC Liquid Freezer III 280,129.99,"200,1700",,Black,280.0,https://cdna.pcpartpicker.com/static/forever/images/product/8ed355fe9c6060ea33f9d50757e15be1.256p.jpg
Intel E97379-001,19.98,"1200,2800",22,Silver / Black,,https://cdna.pcpartpicker.com/static/forever/images/product/dbeab7d9b737c8904b1b75679b3db3a6.256p.jpg
Noctua NH-D9L,84.95,"400,2000","16.3,22.8",,,https://cdna.pcpartpicker.com/static/forever/images/product/64d63da64b2f8be28775078a8f8d550a.256p.jpg
ARCTIC Liquid Freezer III 240 A-RGB,119.91,"200,2000",,Black,240.0,https://cdna.pcpartpicker.com/static/forever/images/product/790e8c1c5d6ac9554dbae1b88ab9d30e.256p.jpg
Noctua NH-L12S,74.95,"450,1850","16.8,23.9",,,https://cdna.pcpartpicker.com/static/forever/images/product/3ef69f2637de8bfe3600a2298437ff83.256p.jpg
Thermalright Assassin X Refined SE RGB V2,17.29,1550,25.6,Black / Silver,,https://m.media-amazon.com/images/I/41hFTmi5aUL.jpg
ID-COOLING SE-214-XT ARGB,17.98,"500,1500","13.8,30.5",White,,https://m.media-amazon.com/images/I/5130uHBNUnL.jpg
ARCTIC Liquid Freezer III 420 A-RGB,159.99,"200,1900",,Black,420.0,https://cdna.pcpartpicker.com/static/forever/images/product/790e8c1c5d6ac9554dbae1b88ab9d30e.256p.jpg
NZXT Kraken 240 RGB,119.99,"500,1800","17.9,30.6",Black,240.0,https://cdna.pcpartpicker.com/static/forever/images/product/ebd0dcafaf707dc2d772c44585ea8e10.256p.jpg
Montech HyperFlow ARGB 360,97.99,2200,29.1,Black,360.0,https://m.media-amazon.com/images/I/316Ls7d-JxL.jpg
Lian Li Galahad II LCD SL-INF,259.99,,29,Black,360.0,https://cdna.pcpartpicker.com/static/forever/images/product/7e5f1ff46cd314f69c520bbbc8470f10.256p.jpg
Noctua NH-D15S chromax.black,129.94,"300,1500","19.2,24.6",Black,,https://m.media-amazon.com/images/I/51wsVDm2ONL.jpg
Thermalright AQUA ELITE ARGB V4,52.19,1550,25.6,White,360.0,https://m.media-amazon.com/images/I/31q+8WFRGXL.jpg
Thermalright Peerless Assassin 120 SE V3,34.9,2000,29.8,Black / Silver,,https://m.media-amazon.com/images/I/41FtwyZWlSL.jpg
NZXT Kraken Elite RGB (2025),334.99,"500,2000",34.5,Black,420.0,https://cdna.pcpartpicker.com/static/forever/images/product/352d14da4f6e847989132472aa4dc95f.256p.jpg
Cooler Master Hyper 212 RGB Black Edition,27.88,"650,2000","8,30",Black,,https://cdna.pcpartpicker.com/static/forever/images/product/16dca5ad82a279a9232b0cbcb6ed71bf.256p.jpg
Thermalright Frozen Notte ARGB,48.9,2000,27.7,White,240.0,https://cdna.pcpartpicker.com/static/forever/images/product/315dec7805c5f01538f5748620fddffa.256p.jpg
Thermalright Assassin X 120 R Digital ARGB,24.9,2000,29.8,White,,https://m.media-amazon.com/images/I/41-Cw6pz6eL.jpg
ARCTIC Liquid Freezer III 360,200.0,"200,1800",,Black,360.0,https://cdna.pcpartpicker.com/static/forever/images/product/a0b2a92bb4ec2c95b5e492c9513b2c0b.256p.jpg
Thermalright AXP90-X47,40.9,2700,22.4,Orange / Brown,,https://m.media-amazon.com/images/I/41vcBqu9GoS.jpg
be quiet! Pure Rock Pro 3,54.9,2000,"14,34.8",Black,,https://cdna.pcpartpicker.com/static/forever/images/product/adc1a4087a4dd593fe49b79e6373bfd4.256p.jpg
TRYX PANORAMA ARGB (2025),358.44,"500,1850",28.87,Black,360.0,https://cdna.pcpartpicker.com/static/forever/images/product/de672a3cd34e1068797bc0899a99697c.256p.jpg
be quiet! Silent Loop 3,154.94,2500,"19.8,38.8",Black,360.0,https://cdna.pcpartpicker.com/static/forever/images/product/8a277ab7166d97b45d51dcd463ebdf05.256p.jpg
Deepcool GAMMAXX AG400 ARGB,,"500,2000",31.6,Black,,https://cdna.pcpartpicker.com/static/forever/images/product/9464a59a8e91c8203397a01ab96d0ec7.256p.jpg
Thermalright Assassin X Refined SE PLUS,19.79,1550,25.6,Black / Silver,,https://m.media-amazon.com/images/I/41hFTmi5aUL.jpg
ARCTIC Alpine 23,11.89,"100,2000",,White / Black,,https://cdna.pcpartpicker.com/static/forever/images/product/3f4e2db365667ee5ddbdb82520762e25.256p.jpg
ID-COOLING FX360 PRO,59.99,"500,1800",35.2,Black,360.0,
Thermalright Frozen Notte ARGB,47.29,2000,27.7,Black,240.0,https://cdna.pcpartpicker.com/static/forever/images/product/315dec7805c5f01538f5748620fddffa.256p.jpg
Thermalright Frozen Notte ARGB,,2000,27.7,White,360.0,https://cdna.pcpartpicker.com/static/forever/images/product/315dec7805c5f01538f5748620fddffa.256p.jpg
Thermalright Frozen Warframe ARGB,81.09,2000,22.1,Black,360.0,https://cdna.pcpartpicker.com/static/forever/images/product/94d02a029c5cc15e833556f333836b67.256p.jpg
Cooler Master MASTERLIQUID ML240L RGB V2,86.62,"650,1800","6,27",Black,240.0,https://cdna.pcpartpicker.com/static/forever/images/product/5b6a5e7f4cf456ccf6415235cf7adc99.256p.jpg
Corsair iCUE LINK H100i RGB,119.99,"480,2400",,Black,240.0,https://cdna.pcpartpicker.com/static/forever/images/product/0c018b979ff6fbae25436e7e64c5a140.256p.jpg
Thermalright Frozen Infinity 360 ARGB,52.59,2000,28.2,White,360.0,https://m.media-amazon.com/images/I/41m0Oop3ddL.jpg
Thermalright Peerless Assassin 120 SE,36.59,1550,25.6,Black,,https://m.media-amazon.com/images/I/41hFTmi5aUL.jpg
NZXT Kraken Elite 360 RGB (2024),289.99,"500,2400",30,Black,360.0,https://cdna.pcpartpicker.com/static/forever/images/product/87647223e3478a0264b523d38ec982e1.256p.jpg
Thermalright Phantom Spirit,37.9,1500,25.6,Black / Silver,,https://m.media-amazon.com/images/I/51KizlEeQZL.jpg
Noctua NH-U12S redux,54.95,"450,1700",25.1,Gray / Silver,,https://cdna.pcpartpicker.com/static/forever/images/product/b8721c74d96c94c4b3dfb8c97a7aaae1.256p.jpg
Thermalright AXP90-X53 FULL,35.9,2700,22.4,Copper / Orange,,https://m.media-amazon.com/images/I/41RS5iHAKsL.jpg
Corsair NAUTILUS 240 RS,89.99,2100,34,Black,240.0,https://cdna.pcpartpicker.com/static/forever/images/product/99d2124a37493f5a3bfe1b442e32e4de.256p.jpg
Thermalright Aqua Elite V3,44.9,1500,25.6,White,240.0,https://m.media-amazon.com/images/I/318f4Q17BeL.jpg
be quiet! Pure Rock Slim 2,36.77,,"13.1,25.4",Black / Silver,,https://cdna.pcpartpicker.com/static/forever/images/product/98bb44b33e99e3c03b12d76609433d62.256p.jpg
Thermalright Peerless Assassin 120 Digital ARGB,45.9,1850,25.6,Black,,https://m.media-amazon.com/images/I/41ll68q+7oL.jpg
Vetroo V5,29.99,"800,1700",30.8,Black,,https://m.media-amazon.com/images/I/41BSD9358LL.jpg
Noctua NH-D15 G2 LBC,179.95,1500,24.8,Brown / Silver,,https://cdna.pcpartpicker.com/static/forever/images/product/4fb7951d92c873fa55c5198c65ad03b6.256p.jpg
Noctua NH-U9S chromax.black,74.95,"400,2000","16.3,22.8",Black,,https://m.media-amazon.com/images/I/41-qe4lyyXL.jpg
Thermalright Assassin X Refined SE,17.89,1550,25.6,White / Silver,,https://m.media-amazon.com/images/I/41NnYMvz2hL.jpg
ARCTIC Freezer 36 A-RGB,48.37,"200,2000",,Black,,https://m.media-amazon.com/images/I/41rBrq-tRNL.jpg
TRYX PANORAMA ARGB (2025),359.95,"500,1850",28.87,White,360.0,https://cdna.pcpartpicker.com/static/forever/images/product/de672a3cd34e1068797bc0899a99697c.256p.jpg
Asus ROG Ryujin III ARGB Extreme,389.99,"1,2800",36,White,360.0,https://cdna.pcpartpicker.com/static/forever/images/product/aee12c51f52cb48a4bfda05ed02d8be2.256p.jpg
Lian Li Hydroshift II LCD-C TL,,"200,2600",33,Black,360.0,https://cdna.pcpartpicker.com/static/forever/images/product/f4baa809d4e22a84a737996b649c6083.256p.jpg
ARCTIC Liquid Freezer III 420,190.0,"200,1700",,Black,420.0,https://cdna.pcpartpicker.com/static/forever/images/product/8b4c34b830a34ef286b19d1aa70e8d10.256p.jpg
be quiet! Dark Rock Pro 4,,1500,"12.8,24.3",Black,,https://cdna.pcpartpicker.com/static/forever/images/product/8ab57dc3c0eb346c72ef7a2405e31227.256p.jpg
Thermalright AXP90-X47,21.9,2700,22.4,White,,https://m.media-amazon.com/images/I/41vcBqu9GoS.jpg
Thermalright Peerless Assassin 140,43.29,1500,25.6,White,,https://m.media-amazon.com/images/I/4153NLVrhgL.jpg
Deepcool LE720,,"500,2250",32.9,Black,360.0,https://cdna.pcpartpicker.com/static/forever/images/product/f11e54d5a812379d28e34bc51143332b.256p.jpg
Thermalright AQUA ELITE ARGB V4,43.99,1550,25.6,White,240.0,https://m.media-amazon.com/images/I/31q+8WFRGXL.jpg
ID-COOLING IS-55 Black,,"500,2000",31.2,Black,,https://m.media-amazon.com/images/I/414PpcxZBfL.jpg
Cooler Master Hyper 212 Halo,28.99,"650,2050",27,Black,,https://cdna.pcpartpicker.com/static/forever/images/product/240fb0c07a7eecd84ed0582d147ea50a.256p.jpg
Corsair iCUE H150i ELITE CAPELLIX XT,368.0,"550,2100",,White,360.0,https://m.media-amazon.com/images/I/318f4Q17BeL.jpg
Noctua NH-L9a-AM4,49.95,"600,2500","14.8,23.6",Brown,,https://cdna.pcpartpicker.com/static/forever/images/product/c83b5fd9fdf5b659ec8feba8e1c60568.256p.jpg
be quiet! Pure Rock 2 Black,49.9,1500,"19.1,26.8",Black,,https://cdna.pcpartpicker.com/static/forever/images/product/716d4c601ae190184020710e098e7b36.256p.jpg
Lian Li Galahad II LCD SL-INF,249.99,,29,White,360.0,https://cdna.pcpartpicker.com/static/forever/images/product/7e5f1ff46cd314f69c520bbbc8470f10.256p.jpg
Deepcool AK400 DIGITAL,,"500,1850",28,Black,,https://cdna.pcpartpicker.com/static/forever/images/product/cdd47d524615ffee254da2f4010c0562.256p.jpg
Noctua NH-U12A,129.9,"450,2000","18.8,22.6",Brown,,https://cdna.pcpartpicker.com/static/forever/images/product/3a24ca834f2b252f719640f8b8448b6c.256p.jpg
Thermalright Peerless Assassin MINI,37.39,1500,25.6,Black,,https://cdna.pcpartpicker.com/static/forever/images/product/48b78eb6cee0e3e59099f440048edefa.256p.jpg
Thermalright Frozen Prism ARGB,52.39,1850,27,White,360.0,https://m.media-amazon.com/images/I/31S44PJIaPL.jpg
MSI MAG CORELIQUID A13,79.99,,,Black,240.0,https://cdna.pcpartpicker.com/static/forever/images/product/94534ff5409f98708d38cc1b06d0adf7.256p.jpg
Thermalright Frozen Infinity 360 ARGB,,2000,28.2,Black,360.0,https://m.media-amazon.com/images/I/41m0Oop3ddL.jpg
NZXT Kraken 280,139.99,"500,1500","19.4,32.1",Black,280.0,https://cdna.pcpartpicker.com/static/forever/images/product/84128080e04ff1cff81741225c168af0.256p.jpg
Thermalright Frozen Prism,56.89,1850,27,Black,360.0,https://m.media-amazon.com/images/I/31S44PJIaPL.jpg
Thermalright Frozen Warframe ARGB,81.09,2000,22.1,White,360.0,https://cdna.pcpartpicker.com/static/forever/images/product/94d02a029c5cc15e833556f333836b67.256p.jpg
Thermalright AXP120-X67,29.9,1800,26.1,Gray,,https://m.media-amazon.com/images/I/41OtP6FKlkL.jpg
Deepcool AG400,,"500,2000",31.6,Black / Silver,,https://cdna.pcpartpicker.com/static/forever/images/product/8542f130e5be0c87e58e7e26be7a2ccd.256p.jpg
Deepcool AK620 DIGITAL,,"500,1850",28,Black,,https://cdna.pcpartpicker.com/static/forever/images/product/e0f646f05ca57372374cf39b3b34a1c3.256p.jpg
Iceberg Thermal IceFLOE T95,9.99,"1000,2200",32.3,Teal / Silver,,https://cdna.pcpartpicker.com/static/forever/images/product/c8eca1f7fd81d05f9713cb8727ad2611.256p.jpg
Thermalright Aqua Elite V3,34.59,1500,25.6,Black,120.0,https://m.media-amazon.com/images/I/318f4Q17BeL.jpg
ID-COOLING FX240 PRO,54.99,"500,1800",35.2,Black,240.0,https://cdna.pcpartpicker.com/static/forever/images/product/1a1f3fcaa2d06c6f0dbe07b5e2bbf809.256p.jpg
Asus ProArt LC 420,349.99,"800,2000",31.5,Black,420.0,https://cdna.pcpartpicker.com/static/forever/images/product/5d83c953ff500cfdee84a1d64c342fc0.256p.jpg
ARCTIC Freezer 36,37.71,"200,1800",,Black / Silver,,https://m.media-amazon.com/images/I/41LLTGkmTRL.jpg
Thermalright Phantom Spirit SE,37.9,1500,25.6,Black,,https://cdna.pcpartpicker.com/static/forever/images/product/df16c34a7f230bb2f6848cd90c87e0fb.256p.jpg
Thermalright Burst Assassin 120 SE ARGB,23.39,1550,25.6,Black / Silver,,https://m.media-amazon.com/images/I/41ASUfTb-ZL.jpg
Noctua NH-L9i chromax.black,59.95,"600,2500","14.8,23.6",Black,,https://m.media-amazon.com/images/I/416XnVk8INL.jpg
ID-COOLING FX360 INF,69.98,"300,2000",27.2,Black,360.0,https://cdna.pcpartpicker.com/static/forever/images/product/c6a341d6a43c2de90e116f0d52433143.256p.jpg
Vetroo V240,49.88,"800,1800",30.8,Black,240.0,https://m.media-amazon.com/images/I/41BSD9358LL.jpg
Corsair iCUE LINK TITAN 360 RX RGB,179.99,"300,2100",,White,360.0,https://cdna.pcpartpicker.com/static/forever/images/product/6254fe41ae3b29682baddb5bc3088cab.256p.jpg
Thermalright Peerless Assassin 90 SE,23.39,2200,23.85,Black,,https://m.media-amazon.com/images/I/51lvME4HoeL.jpg
Thermalright Frozen Edge,44.9,2150,28.1,Black,240.0,https://m.media-amazon.com/images/I/31ZIajtGDfL.jpg
be quiet! Pure Rock 2,42.99,1500,"19.1,26.8",Silver / Black,,https://cdna.pcpartpicker.com/static/forever/images/product/2cb0b9b4b4bfc72434fc1d2a31477c51.256p.jpg
Noctua NH-L9i-17xx chromax.black,59.95,"600,2500","14.8,23.6",Black,,https://m.media-amazon.com/images/I/41C6DIgbv3L.jpg
Cooler Master Hyper 212 Pro,27.88,"690,2500",32.8,Black,,https://m.media-amazon.com/images/I/41OSDfNYM6L.jpg
Asus ROG Ryujin III ARGB,894.0,"600,2200",36.45,Black,360.0,https://cdna.pcpartpicker.com/static/forever/images/product/aee12c51f52cb48a4bfda05ed02d8be2.256p.jpg
ID-COOLING FROZN A620 BLACK,39.99,"500,2000",29.85,Black,,https://cdna.pcpartpicker.com/static/forever/images/product/716d4c601ae190184020710e098e7b36.256p.jpg
Corsair iCUE H100i ELITE CAPELLIX XT,,"550,2100","5,34.1",White,240.0,https://m.media-amazon.com/images/I/318f4Q17BeL.jpg
Thermalright AXP90-X53,21.39,2700,22.4,Gray,,https://m.media-amazon.com/images/I/41RS5iHAKsL.jpg
Corsair iCUE H150i ELITE CAPELLIX XT,,"550,2100","5,34.1",Black,360.0,https://m.media-amazon.com/images/I/318f4Q17BeL.jpg
Cooler Master MasterLiquid 360L Core ARGB,80.01,"350,1750",27.2,White,360.0,https://cdna.pcpartpicker.com/static/forever/images/product/17af431eeae6b8cc280717a7f3bf3da3.256p.jpg
ARCTIC Freezer 36 A-RGB,49.19,"200,2000",,White,,https://m.media-amazon.com/images/I/41rBrq-tRNL.jpg
MSI MEG CORELIQUID S360,300.0,,22.7,Black,360.0,https://cdna.pcpartpicker.com/static/forever/images/product/94534ff5409f98708d38cc1b06d0adf7.256p.jpg
Deepcool AK620,,"500,1850",28,Black / Silver,,https://cdna.pcpartpicker.com/static/forever/images/product/048ee8d7e1ab67674cc0aac0e4e0e281.256p.jpg
ID-COOLING FROZN A410 SE,24.99,"300,1800",24.8,Black,,https://m.media-amazon.com/images/I/41vFDvhSK9L.jpg
EK EK-Nucleus AIO CR360 Lux D-RGB,,"550,2300",36,Black,360.0,https://cdna.pcpartpicker.com/static/forever/images/product/0fc4606704e57118f24a818149ef0e37.256p.jpg
NZXT Kraken Z73 RGB,,"500,1500","22,33",White / Black,360.0,https://cdna.pcpartpicker.com/static/forever/images/product/4b3cb378557216401dabfeb2bb0719e1.256p.jpg
Thermalright AXP90-X36,21.9,2700,22.4,Gray,,https://m.media-amazon.com/images/I/41Hsrx24RFL.jpg
Thermalright Peerless Assassin 140,45.39,1500,25.6,Black,,https://m.media-amazon.com/images/I/4153NLVrhgL.jpg
Lian Li Galahad II Lite RGB,99.99,"300,2500",34.8,Black,360.0,https://cdna.pcpartpicker.com/static/forever/images/product/74eb06f2fb382fa0fc5f3476f8d8d039.256p.jpg
Deepcool MYSTIQUE 360,,"500,2150",36.49,Black,360.0,https://cdna.pcpartpicker.com/static/forever/images/product/a0b2a92bb4ec2c95b5e492c9513b2c0b.256p.jpg
Thermalright Assassin X 90 SE ARGB,18.89,2200,23.85,Black / Silver,,https://m.media-amazon.com/images/I/41KALR4jf0L.jpg
Phanteks Glacier One 360M25 G2,99.99,"350,2000",35.13,Black,360.0,https://cdna.pcpartpicker.com/static/forever/images/product/58e79aa0d42de3fd917314764b33db33.256p.jpg
Lian Li Hydroshift II LCD-C TL,,"200,2600",33,White,360.0,https://cdna.pcpartpicker.com/static/forever/images/product/f4baa809d4e22a84a737996b649c6083.256p.jpg
be quiet! Silent Loop 3,158.0,1900,"19.4,34.3",Black,420.0,https://cdna.pcpartpicker.com/static/forever/images/product/8a277ab7166d97b45d51dcd463ebdf05.256p.jpg
MSI MAG CORELIQUID A13,107.99,,,White,360.0,https://cdna.pcpartpicker.com/static/forever/images/product/94534ff5409f98708d38cc1b06d0adf7.256p.jpg
Thermalright Burst Assassin 120 SE,21.69,1550,25.6,Black / Silver,,https://m.media-amazon.com/images/I/41ASUfTb-ZL.jpg
NZXT Kraken 120,89.09,"500,2000","21,36",Black,120.0,https://cdna.pcpartpicker.com/static/forever/images/product/fce03253070b8542ded02ac3bdc3b8f7.256p.jpg
Gigabyte AORUS WATERFORCE II 360 ICE,129.99,"800,2300","12.8,36.9",White,360.0,https://cdna.pcpartpicker.com/static/forever/images/product/62ac13b1b303cbb323d815f4fee6fc3f.256p.jpg
NZXT Kraken Elite RGB (2025),334.99,"500,2000",34.5,White,420.0,https://cdna.pcpartpicker.com/static/forever/images/product/352d14da4f6e847989132472aa4dc95f.256p.jpg
Asus ROG Ryujin III,299.99,"450,2000",29.7,Black,360.0,https://cdna.pcpartpicker.com/static/forever/images/product/39b44057eccd6eb120ce03241efb9758.256p.jpg
ARCTIC Liquid Freezer III 240 A-RGB,118.99,"200,2000",,White,240.0,https://cdna.pcpartpicker.com/static/forever/images/product/790e8c1c5d6ac9554dbae1b88ab9d30e.256p.jpg
Cooler Master Hyper 212 EVO,120.72,"600,2000","9,36",,,https://cdna.pcpartpicker.com/static/forever/images/product/ddea57de9797549e80d05fb3acb2e83d.med.256p.jpg
Thermalright Frozen Prism ARGB,56.9,1850,27,Black,360.0,https://m.media-amazon.com/images/I/31S44PJIaPL.jpg
ID-COOLING SE-214-XT PLUS,19.98,"700,1800",35.2,Black / Silver,,https://m.media-amazon.com/images/I/41hFTmi5aUL.jpg
Thermalright AQUA ELITE ARGB V4,45.49,1550,25.6,Black,240.0,https://m.media-amazon.com/images/I/31q+8WFRGXL.jpg
Thermalright Assassin Spirit 120 EVO WHITE ARGB,22.9,1850,27,White,,https://m.media-amazon.com/images/I/418jnVU5HoL.jpg
Corsair iCUE H170i ELITE LCD XT,,"500,1700","5,33.8",Black,420.0,https://cdna.pcpartpicker.com/static/forever/images/product/3ec80850afc7392a6dad4b82ef95c424.256p.jpg
Thermaltake Gravity i2,12.78,1800,21.3,,,https://m.media-amazon.com/images/I/51r8krEyBZL.jpg
Thermalright Frozen Edge,59.59,2150,28.1,Black,360.0,https://m.media-amazon.com/images/I/31ZIajtGDfL.jpg
be quiet! Pure Loop 2 FX,149.99,,"8,34",Black,360.0,https://cdna.pcpartpicker.com/static/forever/images/product/4684db93dca8ab922b9b09d0fa90ddf1.256p.jpg
ID-COOLING FROSTFLOW X,53.99,"800,1600","16.8,32.6",Black / Silver,280.0,https://m.media-amazon.com/images/I/31MEpJBHH+L.jpg
Thermalright Mjolnir Vision 360 ARGB,106.59,2150,27,White,360.0,https://cdna.pcpartpicker.com/static/forever/images/product/6b45c253c865d48306f25297e5ed2e0c.256p.jpg
ARCTIC Liquid Freezer III 280 A-RGB,138.99,"200,1900",,Black,280.0,https://cdna.pcpartpicker.com/static/forever/images/product/8ed355fe9c6060ea33f9d50757e15be1.256p.jpg
Noctua NH-L9i,49.95,"600,2500","14.8,23.6",Brown,,https://m.media-amazon.com/images/I/416XnVk8INL.jpg
ID-COOLING FROZN A720 BLACK,69.98,"500,2000",33.5,Black,,https://m.media-amazon.com/images/I/41rNvDDQC3L.jpg
NZXT T120 RGB,32.99,"500,1800","17.2,27.5",Black,,https://cdna.pcpartpicker.com/static/forever/images/product/4b3cb378557216401dabfeb2bb0719e1.256p.jpg
Corsair iCUE H150i ELITE CAPELLIX,,2400,"10,37",Black,360.0,https://cdna.pcpartpicker.com/static/forever/images/product/c0affd65cd6738bf7da40dc7bfc85c44.256p.jpg
Thermalright Royal Knight 120,34.9,2150,29.4,Black,,https://m.media-amazon.com/images/I/41hFTmi5aUL.jpg
Noctua NH-D12L CHROMAX.BLACK,109.95,"450,2000","18.8,22.6",Black,,https://cdna.pcpartpicker.com/static/forever/images/product/eb80afdef342a39e4cebd7e8d614e815.256p.jpg
Deepcool ASSASSIN IV,,"500,1700","22.6,29.3",Black,,https://m.media-amazon.com/images/I/41hFTmi5aUL.jpg
Noctua NH-U9S,69.95,"400,2000","16.3,22.8",,,https://m.media-amazon.com/images/I/41-qe4lyyXL.jpg
Deepcool LE520,,"500,2250",32.9,Black,240.0,https://cdna.pcpartpicker.com/static/forever/images/product/f11e54d5a812379d28e34bc51143332b.256p.jpg
Asus ROG RYUO III 360 ARGB,189.5,2200,36.45,Black,360.0,https://cdna.pcpartpicker.com/static/forever/images/product/a0b2a92bb4ec2c95b5e492c9513b2c0b.256p.jpg
Corsair NAUTILUS 240 RS ARGB,99.99,2100,34,White,240.0,https://cdna.pcpartpicker.com/static/forever/images/product/99d2124a37493f5a3bfe1b442e32e4de.256p.jpg
Thermalright Grand Vision ARGB,127.69,2150,29.4,Black,360.0,https://m.media-amazon.com/images/I/41hFTmi5aUL.jpg
Thermalright Peerless Assassin 90 SE,23.29,2200,23.85,White / Silver,,https://m.media-amazon.com/images/I/51lvME4HoeL.jpg
NZXT Kraken X53,229.99,"500,2000","21,36",Black,240.0,https://cdna.pcpartpicker.com/static/forever/images/product/157afeba59d05304fe181106745e6177.256p.jpg
ARCTIC Liquid Freezer III Pro A-RGB,78.48,"600,3000",,Black,240.0,https://cdna.pcpartpicker.com/static/forever/images/product/4b3cb378557216401dabfeb2bb0719e1.256p.jpg
Noctua NH-U12S,84.95,"300,1500","18.6,22.4",,,https://cdna.pcpartpicker.com/static/forever/images/product/03d2c7690b9a62e9131a8514ea3c0dfa.256p.jpg
Noctua NH-L9x65,69.95,"600,2500","14.8,23.6",,,https://cdna.pcpartpicker.com/static/forever/images/product/6082032e0eb29f8eed91a12a4f976321.256p.jpg
NZXT Kraken Elite 240 (2024),169.99,"500,2000",30,Black,240.0,https://cdna.pcpartpicker.com/static/forever/images/product/dbf906f66e7770c4049fd4ef7b9014b5.256p.jpg
Corsair iCUE H100i RGB ELITE,,"400,1850","5,28.9",Black,240.0,https://m.media-amazon.com/images/I/318f4Q17BeL.jpg
Thermalright Royal Pretor 130 BLACK,49.69,1750,28.3,Black,,https://m.media-amazon.com/images/I/41hFTmi5aUL.jpg
be quiet! Light Loop,165.06,"1500,2900","17.2,36.8",Black,360.0,https://cdna.pcpartpicker.com/static/forever/images/product/1099d7ff04fd6bcc7cfcfccaa12a67bb.256p.jpg
Montech HyperFlow ARGB 360,99.9,2200,29.1,White,360.0,https://m.media-amazon.com/images/I/316Ls7d-JxL.jpg
Asus Prime LC 360 ARGB,104.99,"600,2200",,Black,360.0,https://cdna.pcpartpicker.com/static/forever/images/product/3eb22b5faebddcd9dfe5f8e5913ffa68.256p.jpg
Deepcool LT720,,"500,2250",32.9,Black / Gray,360.0,https://cdna.pcpartpicker.com/static/forever/images/product/f11e54d5a812379d28e34bc51143332b.256p.jpg
Thermalright Assassin X Refined SE RGB,18.89,1550,25.6,Black / Silver,,https://m.media-amazon.com/images/I/41MIJqAl3LL.jpg
Lian Li HydroShift LCD 360TL RGB,,"200,2600",33,Black,360.0,https://cdna.pcpartpicker.com/static/forever/images/product/4b3cb378557216401dabfeb2bb0719e1.256p.jpg
Cooler Master MasterLiquid 240 Atmos,98.04,"690,2500",27.2,Black,240.0,https://cdna.pcpartpicker.com/static/forever/images/product/7879068c05667f6e0708d626ad00fe26.256p.jpg
Noctua NH-L9a-AM4 chromax.black,69.98,"600,2500","14.8,23.6",Black,,https://cdna.pcpartpicker.com/static/forever/images/product/7da2ce71b33904d0f379f9398d4515d7.256p.jpg
Cooler Master MasterLiquid 120L Core,59.99,"650,1750",27.2,Black,120.0,https://cdna.pcpartpicker.com/static/forever/images/product/6bda3e4685a8a28b5cd9d04ef76eb46b.256p.jpg
MSI MAG CORELIQUID 240R V2,109.99,"500,2000","14.3,34.3",Black,240.0,https://cdna.pcpartpicker.com/static/forever/images/product/94534ff5409f98708d38cc1b06d0adf7.256p.jpg
Vetroo V360,49.99,"800,1800",30.8,White / Gray,360.0,https://m.media-amazon.com/images/I/41BSD9358LL.jpg
ID-COOLING FROSTFLOW X,49.49,"700,1800","18,35.2",,240.0,https://m.media-amazon.com/images/I/31MEpJBHH+L.jpg
Corsair iCUE LINK H150i RGB,239.99,"480,2400",,Black,360.0,https://cdna.pcpartpicker.com/static/forever/images/product/72c1f2a5697eedfdede263123f14c050.256p.jpg
Thermalright AXP120-X67,28.59,1800,26.1,Black,,https://m.media-amazon.com/images/I/41OtP6FKlkL.jpg
Thermaltake UX200 SE ARGB,29.99,"800,1800",25,Black,,https://m.media-amazon.com/images/I/41hFTmi5aUL.jpg
ARCTIC Freezer 34 eSports DUO,90.0,"200,2100",24.4,White / Black,,https://cdna.pcpartpicker.com/static/forever/images/product/a0b2a92bb4ec2c95b5e492c9513b2c0b.256p.jpg
be quiet! Pure Rock LP,59.9,2500,,Black,,https://cdna.pcpartpicker.com/static/forever/images/product/7023a0631b1f27739ac6d15b4d41d6db.256p.jpg
ARCTIC Liquid Freezer III Pro,98.49,"400,2500",,Black,420.0,https://cdna.pcpartpicker.com/static/forever/images/product/a0b2a92bb4ec2c95b5e492c9513b2c0b.256p.jpg
Thermalright Mjolnir Vision 360 ARGB,106.59,2150,27,Black,360.0,https://cdna.pcpartpicker.com/static/forever/images/product/6b45c253c865d48306f25297e5ed2e0c.256p.jpg
Asus TUF Gaming LC II ARGB,199.0,"800,2000",29,Black,360.0,https://cdna.pcpartpicker.com/static/forever/images/product/3dfb3eca3bd8bf176490b7955ae6345c.256p.jpg
Cooler Master Hyper 212 Halo,33.0,"650,2050",27,White,,https://cdna.pcpartpicker.com/static/forever/images/product/240fb0c07a7eecd84ed0582d147ea50a.256p.jpg
Thermalright Frozen Infinity 240 ARGB,47.9,2000,28.2,Black,240.0,https://m.media-amazon.com/images/I/41hFTmi5aUL.jpg
Deepcool LS720,,"500,2250",32.9,Black,360.0,https://cdna.pcpartpicker.com/static/forever/images/product/f11e54d5a812379d28e34bc51143332b.256p.jpg
