name,price,capacity,price_per_gb,type,cache,form_factor,interface,image
Samsung 990 Pro,149.99,2000,0.075,SSD,2048.0,M.2-2280,M.2 PCIe 4.0 X4,https://cdna.pcpartpicker.com/static/forever/images/product/e352117b6f8a568f0bed5452b16d922e.256p.jpg
Crucial P3 Plus,56.95,1000,0.057,SSD,,M.2-2280,M.2 PCIe 4.0 X4,https://cdna.pcpartpicker.com/static/forever/images/product/5e351462f0fbe31fcee07125319c287c.256p.jpg
Crucial P3 Plus,113.95,2000,0.057,SSD,,M.2-2280,M.2 PCIe 4.0 X4,https://cdna.pcpartpicker.com/static/forever/images/product/5e351462f0fbe31fcee07125319c287c.256p.jpg
Samsung 990 Pro,299.99,4000,0.075,SSD,4096.0,M.2-2280,M.2 PCIe 4.0 X4,https://cdna.pcpartpicker.com/static/forever/images/product/e352117b6f8a568f0bed5452b16d922e.256p.jpg
Kingston NV3,58.0,1000,0.058,SSD,,M.2-2280,M.2 PCIe 4.0 X4,
Samsung 990 Pro,99.99,1000,0.1,SSD,1024.0,M.2-2280,M.2 PCIe 4.0 X4,https://cdna.pcpartpicker.com/static/forever/images/product/e352117b6f8a568f0bed5452b16d922e.256p.jpg
Samsung 990 EVO Plus,129.99,2000,0.065,SSD,,M.2-2280,M.2 PCIe 5.0 X2,https://cdna.pcpartpicker.com/static/forever/images/product/5e351462f0fbe31fcee07125319c287c.256p.jpg
Western Digital WD_Black SN850X,154.54,2000,0.077,SSD,,M.2-2280,M.2 PCIe 4.0 X4,https://cdna.pcpartpicker.com/static/forever/images/product/daf819b70eccf7fec275bd65e3fe2b6a.256p.jpg
Silicon Power UD90,92.97,2000,0.046,SSD,,M.2-2280,M.2 PCIe 4.0 X4,
Samsung 9100 PRO,429.99,4000,0.107,SSD,4096.0,M.2-2280,M.2 PCIe 5.0 X4,https://cdna.pcpartpicker.com/static/forever/images/product/e352117b6f8a568f0bed5452b16d922e.256p.jpg
Samsung 990 EVO Plus,74.98,1000,0.075,SSD,,M.2-2280,M.2 PCIe 5.0 X2,https://cdna.pcpartpicker.com/static/forever/images/product/5e351462f0fbe31fcee07125319c287c.256p.jpg
Seagate Barracuda Compute,66.99,2000,0.033,7200,256.0,3.5,SATA 6.0 Gb/s,https://cdna.pcpartpicker.com/static/forever/images/product/c7b5b7dacbecdcdd0e073b761193eef6.256p.jpg
Klevv CRAS C910,57.99,1000,0.058,SSD,,M.2-2280,M.2 PCIe 4.0 X4,
Western Digital Black SN770,77.98,1000,0.078,SSD,,M.2-2280,M.2 PCIe 4.0 X4,https://cdna.pcpartpicker.com/static/forever/images/product/daf819b70eccf7fec275bd65e3fe2b6a.256p.jpg
Crucial P3 Plus,44.99,500,0.09,SSD,,M.2-2280,M.2 PCIe 4.0 X4,https://cdna.pcpartpicker.com/static/forever/images/product/5e351462f0fbe31fcee07125319c287c.256p.jpg
Western Digital Black SN770,124.99,2000,0.062,SSD,,M.2-2280,M.2 PCIe 4.0 X4,https://cdna.pcpartpicker.com/static/forever/images/product/daf819b70eccf7fec275bd65e3fe2b6a.256p.jpg
Samsung 870 Evo,92.9,1000,0.093,SSD,1024.0,2.5,SATA 6.0 Gb/s,
Western Digital WD_Black SN850X,599.5,8000,0.075,SSD,,M.2-2280,M.2 PCIe 4.0 X4,https://cdna.pcpartpicker.com/static/forever/images/product/daf819b70eccf7fec275bd65e3fe2b6a.256p.jpg
Western Digital WD_Black SN850X,268.35,4000,0.067,SSD,,M.2-2280,M.2 PCIe 4.0 X4,https://cdna.pcpartpicker.com/static/forever/images/product/daf819b70eccf7fec275bd65e3fe2b6a.256p.jpg
Samsung 9100 PRO,229.99,2000,0.115,SSD,2048.0,M.2-2280,M.2 PCIe 5.0 X4,https://cdna.pcpartpicker.com/static/forever/images/product/e352117b6f8a568f0bed5452b16d922e.256p.jpg
Kingston NV3,114.5,2000,0.057,SSD,,M.2-2280,M.2 PCIe 4.0 X4,
Crucial P3 Plus,211.45,4000,0.053,SSD,,M.2-2280,M.2 PCIe 4.0 X4,https://cdna.pcpartpicker.com/static/forever/images/product/5e351462f0fbe31fcee07125319c287c.256p.jpg
Western Digital WD_Black SN850X,91.69,1000,0.092,SSD,,M.2-2280,M.2 PCIe 4.0 X4,https://cdna.pcpartpicker.com/static/forever/images/product/daf819b70eccf7fec275bd65e3fe2b6a.256p.jpg
Silicon Power UD90,51.99,1000,0.052,SSD,,M.2-2280,M.2 PCIe 4.0 X4,
Western Digital Blue SN580,64.99,1000,0.065,SSD,,M.2-2280,M.2 PCIe 4.0 X4,https://cdna.pcpartpicker.com/static/forever/images/product/daf819b70eccf7fec275bd65e3fe2b6a.256p.jpg
Samsung 990 EVO Plus,249.99,4000,0.062,SSD,,M.2-2280,M.2 PCIe 5.0 X2,https://cdna.pcpartpicker.com/static/forever/images/product/5e351462f0fbe31fcee07125319c287c.256p.jpg
Klevv CRAS C910,103.99,2000,0.052,SSD,,M.2-2280,M.2 PCIe 4.0 X4,
Seagate IronWolf Pro,479.99,24000,0.02,7200,512.0,3.5,SATA 6.0 Gb/s,https://cdna.pcpartpicker.com/static/forever/images/product/e352117b6f8a568f0bed5452b16d922e.256p.jpg
TEAMGROUP MP44L,57.99,1000,0.058,SSD,,M.2-2280,M.2 PCIe 4.0 X4,
Intel SSDPEDMD020T401,3937.0,2000,1.968,SSD,,PCIe,PCIe x4,
SK Hynix Platinum P41,114.99,2000,0.057,SSD,,M.2-2280,M.2 PCIe 4.0 X4,
Seagate BarraCuda,74.99,4000,0.019,5400,256.0,3.5,SATA 6.0 Gb/s,https://cdna.pcpartpicker.com/static/forever/images/product/c7b5b7dacbecdcdd0e073b761193eef6.256p.jpg
Samsung 980 Pro,184.95,2000,0.092,SSD,2048.0,M.2-2280,M.2 PCIe 4.0 X4,https://cdna.pcpartpicker.com/static/forever/images/product/e352117b6f8a568f0bed5452b16d922e.256p.jpg
Samsung 970 Evo Plus,134.0,1000,0.134,SSD,1024.0,M.2-2280,M.2 PCIe 3.0 X4,https://cdna.pcpartpicker.com/static/forever/images/product/5e351462f0fbe31fcee07125319c287c.256p.jpg
Patriot P300,33.99,512,0.066,SSD,,M.2-2280,M.2 PCIe 3.0 X4,https://m.media-amazon.com/images/I/411-9QPiZXL.jpg
Western Digital Caviar Blue,42.99,1000,0.043,7200,64.0,3.5,SATA 6.0 Gb/s,https://cdna.pcpartpicker.com/static/forever/images/product/daf819b70eccf7fec275bd65e3fe2b6a.256p.jpg
Samsung 870 Evo,265.0,4000,0.066,SSD,4096.0,2.5,SATA 6.0 Gb/s,
Crucial T500,124.99,2000,0.062,SSD,,M.2-2280,M.2 PCIe 4.0 X4,
TEAMGROUP MP33,54.99,1000,0.055,SSD,,M.2-2280,M.2 PCIe 3.0 X4,
Western Digital Blue SN580,114.99,2000,0.057,SSD,,M.2-2280,M.2 PCIe 4.0 X4,https://cdna.pcpartpicker.com/static/forever/images/product/daf819b70eccf7fec275bd65e3fe2b6a.256p.jpg
Samsung 980 Pro,140.0,1000,0.14,SSD,1024.0,M.2-2280,M.2 PCIe 4.0 X4,https://cdna.pcpartpicker.com/static/forever/images/product/e352117b6f8a568f0bed5452b16d922e.256p.jpg
Crucial P310,64.99,1000,0.065,SSD,,M.2-2280,M.2 PCIe 4.0 X4,
Kingston NV2,65.77,1000,0.066,SSD,,M.2-2280,M.2 PCIe 4.0 X4,
Mushkin Source HC,3033.0,16000,0.19,SSD,,2.5,SATA 6.0 Gb/s,
Sabrent Rocket 4 Plus,1058.89,8000,0.132,SSD,,M.2-2280,M.2 PCIe 4.0 X4,https://cdna.pcpartpicker.com/static/forever/images/product/f2b81ef4f53b4566edfd5a5c7c60977d.256p.jpg
TEAMGROUP MP44L,105.99,2000,0.053,SSD,,M.2-2280,M.2 PCIe 4.0 X4,
Seagate Barracuda Compute,130.0,8000,0.016,5400,256.0,3.5,SATA 6.0 Gb/s,https://cdna.pcpartpicker.com/static/forever/images/product/c7b5b7dacbecdcdd0e073b761193eef6.256p.jpg
Samsung 870 Evo,168.74,2000,0.084,SSD,2048.0,2.5,SATA 6.0 Gb/s,
Samsung 9100 PRO,154.99,1000,0.155,SSD,1024.0,M.2-2280,M.2 PCIe 5.0 X4,https://cdna.pcpartpicker.com/static/forever/images/product/e352117b6f8a568f0bed5452b16d922e.256p.jpg
Lexar NM790,124.99,2000,0.062,SSD,,M.2-2280,M.2 PCIe 4.0 X4,
Crucial T705,199.99,2000,0.1,SSD,,M.2-2280,M.2 PCIe 5.0 X4,
Western Digital WD Blue SN5000,59.79,1000,0.06,SSD,,M.2-2280,M.2 PCIe 4.0 X4,https://cdna.pcpartpicker.com/static/forever/images/product/daf819b70eccf7fec275bd65e3fe2b6a.256p.jpg
Western Digital WD_BLACK SN7100,129.99,2000,0.065,SSD,,M.2-2280,M.2 PCIe 4.0 X4,https://cdna.pcpartpicker.com/static/forever/images/product/daf819b70eccf7fec275bd65e3fe2b6a.256p.jpg
Kingston NV3,38.99,500,0.078,SSD,,M.2-2280,M.2 PCIe 4.0 X4,
Samsung 870 Evo,54.99,500,0.11,SSD,512.0,2.5,SATA 6.0 Gb/s,
Kingston KC3000,161.9,2048,0.079,SSD,,M.2-2280,M.2 PCIe 4.0 X4,
MSI SPATIUM M461,89.99,2000,,SSD,,M.2-2280,M.2 PCIe 4.0 X4,
Samsung 970 Evo Plus,79.99,500,0.16,SSD,512.0,M.2-2280,M.2 PCIe 3.0 X4,https://cdna.pcpartpicker.com/static/forever/images/product/5e351462f0fbe31fcee07125319c287c.256p.jpg
PNY CS1030,49.99,1000,0.05,SSD,,M.2-2280,M.2 PCIe 3.0 X4,
Crucial P310,112.49,2000,0.056,SSD,,M.2-2280,M.2 PCIe 4.0 X4,
Samsung 870 QVO,629.99,8000,0.079,SSD,,2.5,SATA 6.0 Gb/s,
Western Digital WD_BLACK SN7100,73.0,1000,0.073,SSD,,M.2-2280,M.2 PCIe 4.0 X4,https://cdna.pcpartpicker.com/static/forever/images/product/daf819b70eccf7fec275bd65e3fe2b6a.256p.jpg
Crucial P3,69.38,1000,0.069,SSD,,M.2-2280,M.2 PCIe 3.0 X4,
Patriot Burst Elite,12.49,120,0.104,SSD,,2.5,SATA 6.0 Gb/s,
Acer Predator GM7000,124.99,2000,0.062,SSD,2048.0,M.2-2280,M.2 PCIe 4.0 X4,
Western Digital Blue,64.98,2000,0.032,7200,256.0,3.5,SATA 6.0 Gb/s,https://cdna.pcpartpicker.com/static/forever/images/product/0b9bfd76b0d511a6eff3730d12d5f95c.256p.jpg
Kingston Fury Renegade,154.0,2000,0.077,SSD,,M.2-2280,M.2 PCIe 4.0 X4,
Seagate BarraCuda,54.59,1000,0.055,7200,64.0,3.5,SATA 6.0 Gb/s,https://cdna.pcpartpicker.com/static/forever/images/product/c7b5b7dacbecdcdd0e073b761193eef6.256p.jpg
Crucial BX500,66.98,1000,0.067,SSD,,2.5,SATA 6.0 Gb/s,
Western Digital WD_BLACK SN8100,464.99,4000,0.116,SSD,4096.0,M.2-2280,M.2 PCIe 5.0 X4,https://cdna.pcpartpicker.com/static/forever/images/product/daf819b70eccf7fec275bd65e3fe2b6a.256p.jpg
Western Digital WD Green SN3000,67.99,1000,0.068,SSD,,M.2-2280,M.2 PCIe 4.0 X4,https://cdna.pcpartpicker.com/static/forever/images/product/daf819b70eccf7fec275bd65e3fe2b6a.256p.jpg
TEAMGROUP T-FORCE G50,57.99,1000,0.058,SSD,,M.2-2280,M.2 PCIe 4.0 X4,
Samsung 970 Evo Plus,189.95,2000,0.095,SSD,1024.0,M.2-2280,M.2 PCIe 3.0 X4,https://cdna.pcpartpicker.com/static/forever/images/product/5e351462f0fbe31fcee07125319c287c.256p.jpg
Samsung 990 Pro w/Heatsink,159.99,2000,0.08,SSD,2048.0,M.2-2280,M.2 PCIe 4.0 X4,https://cdna.pcpartpicker.com/static/forever/images/product/e352117b6f8a568f0bed5452b16d922e.256p.jpg
Lexar NM790,67.99,1000,0.068,SSD,,M.2-2280,M.2 PCIe 4.0 X4,
Samsung 990 EVO,129.99,2000,0.065,SSD,,M.2-2280,M.2 PCIe 5.0 X2,
Western Digital WD_BLACK SN8100,224.99,2000,0.112,SSD,2048.0,M.2-2280,M.2 PCIe 5.0 X4,https://cdna.pcpartpicker.com/static/forever/images/product/daf819b70eccf7fec275bd65e3fe2b6a.256p.jpg
Samsung 980,106.9,1000,0.107,SSD,,M.2-2280,M.2 PCIe 3.0 X4,
Crucial T705,389.99,4000,0.097,SSD,,M.2-2280,M.2 PCIe 5.0 X4,
Crucial T500,75.19,1000,0.075,SSD,,M.2-2280,M.2 PCIe 4.0 X4,
Patriot P300,23.49,256,0.092,SSD,,M.2-2280,M.2 PCIe 3.0 X4,https://m.media-amazon.com/images/I/411-9QPiZXL.jpg
Patriot Viper VP4300 Lite,103.98,2000,0.052,SSD,,M.2-2280,M.2 PCIe 4.0 X4,
Kingston A400,24.99,240,0.104,SSD,,2.5,SATA 6.0 Gb/s,
TEAMGROUP MP33,34.99,512,0.068,SSD,,M.2-2280,M.2 PCIe 3.0 X4,
TEAMGROUP T-FORCE G50,104.99,2000,0.052,SSD,,M.2-2280,M.2 PCIe 4.0 X4,
Samsung 990 EVO,74.98,1000,0.075,SSD,,M.2-2280,M.2 PCIe 5.0 X2,
Silicon Power A60,54.97,1000,0.055,SSD,,M.2-2280,M.2 PCIe 3.0 X4,
MSI SPATIUM M480 PRO,119.99,2000,0.06,SSD,2048.0,M.2-2280,M.2 PCIe 4.0 X4,https://cdna.pcpartpicker.com/static/forever/images/product/e352117b6f8a568f0bed5452b16d922e.256p.jpg
Samsung 990 Pro w/Heatsink,315.05,4000,0.079,SSD,4096.0,M.2-2280,M.2 PCIe 4.0 X4,https://cdna.pcpartpicker.com/static/forever/images/product/e352117b6f8a568f0bed5452b16d922e.256p.jpg
Samsung 9100 PRO w/Heatsink,449.99,4000,0.112,SSD,4096.0,M.2-2280,M.2 PCIe 5.0 X4,https://cdna.pcpartpicker.com/static/forever/images/product/e352117b6f8a568f0bed5452b16d922e.256p.jpg
Crucial P510,99.99,1000,0.1,SSD,,M.2-2280,M.2 PCIe 5.0 X4,
TEAMGROUP MP44L,34.99,500,0.07,SSD,,M.2-2280,M.2 PCIe 4.0 X4,
Western Digital Green SN350,55.56,1000,0.056,SSD,,M.2-2280,M.2 PCIe 3.0 X4,https://cdna.pcpartpicker.com/static/forever/images/product/daf819b70eccf7fec275bd65e3fe2b6a.256p.jpg
Klevv CRAS C910,199.99,4000,0.05,SSD,,M.2-2280,M.2 PCIe 4.0 X4,
KingSpec XF,,1000,,SSD,,M.2-2280,M.2 PCIe 4.0 X4,
Kingston KC3000,99.99,1024,0.098,SSD,,M.2-2280,M.2 PCIe 4.0 X4,
TEAMGROUP MP33 PRO,54.99,1000,0.055,SSD,,M.2-2280,M.2 PCIe 3.0 X4,https://cdna.pcpartpicker.com/static/forever/images/product/e352117b6f8a568f0bed5452b16d922e.256p.jpg
SK Hynix Platinum P41,79.98,1000,0.08,SSD,,M.2-2280,M.2 PCIe 4.0 X4,
Seagate IronWolf NAS,170.59,8000,0.021,7200,256.0,3.5,SATA 6.0 Gb/s,https://cdna.pcpartpicker.com/static/forever/images/product/2051a9a304e2281fca519576296b3823.256p.jpg
Lexar NM790,230.0,4000,0.058,SSD,,M.2-2280,M.2 PCIe 4.0 X4,
Seagate SuperSpeed HDD,,1000,,,64.0,2.5,SATA 6.0 Gb/s,https://cdna.pcpartpicker.com/static/forever/images/product/a0ef92b25c25a567557dbae1cb3ebed0.256p.jpg
Corsair MP700 Elite,198.99,2000,0.099,SSD,,M.2-2280,M.2 PCIe 5.0 X4,
Samsung 980,69.99,500,0.14,SSD,,M.2-2280,M.2 PCIe 3.0 X4,
Patriot P400 Lite,54.99,1000,0.055,SSD,,M.2-2280,M.2 PCIe 4.0 X4,
Western Digital Gold,499.99,24000,0.021,7200,512.0,3.5,SATA 6.0 Gb/s,https://cdna.pcpartpicker.com/static/forever/images/product/a311d7aa215ad39a8635831edf9db5ab.256p.jpg
Samsung 970 Evo,146.13,1000,0.146,SSD,1024.0,M.2-2280,M.2 PCIe 3.0 X4,
Silicon Power UD90,212.99,4000,0.053,SSD,,M.2-2280,M.2 PCIe 4.0 X4,
TEAMGROUP T-Force Vulcan Z,47.99,1000,0.048,SSD,,2.5,SATA 6.0 Gb/s,
Seagate Exos X24,479.99,24000,0.02,7200,512.0,3.5,SATA 6.0 Gb/s,https://cdna.pcpartpicker.com/static/forever/images/product/af943247a7971f57f2630f3e7797c7df.256p.jpg
Kingston A400,36.99,480,0.077,SSD,,2.5,SATA 6.0 Gb/s,
Samsung 860 Evo,142.13,1000,0.142,SSD,1024.0,2.5,SATA 6.0 Gb/s,
Kingston Fury Renegade,117.85,1000,0.118,SSD,,M.2-2280,M.2 PCIe 4.0 X4,
Western Digital WD Red Pro,479.99,26000,0.018,7200,512.0,3.5,SATA 6.0 Gb/s,https://cdna.pcpartpicker.com/static/forever/images/product/b9f9bf06b2480ddb94519ca8b44b2845.256p.jpg
Sabrent Rocket 5,729.99,4000,0.182,SSD,,M.2-2280,M.2 PCIe 5.0 X4,https://cdna.pcpartpicker.com/static/forever/images/product/c7b5b7dacbecdcdd0e073b761193eef6.256p.jpg
PNY CS1030,29.99,500,0.06,SSD,,M.2-2280,M.2 PCIe 3.0 X4,
Crucial T705,142.99,1000,0.143,SSD,,M.2-2280,M.2 PCIe 5.0 X4,
Lexar NM620,57.99,1000,0.058,SSD,,M.2-2280,M.2 PCIe 3.0 X4,
Samsung 9100 PRO,,8000,,SSD,8192.0,M.2-2280,M.2 PCIe 5.0 X4,https://cdna.pcpartpicker.com/static/forever/images/product/e352117b6f8a568f0bed5452b16d922e.256p.jpg
Crucial BX500,108.99,2000,0.054,SSD,,2.5,SATA 6.0 Gb/s,
Western Digital WD Blue SN5000,113.99,2000,0.057,SSD,,M.2-2280,M.2 PCIe 4.0 X4,https://cdna.pcpartpicker.com/static/forever/images/product/daf819b70eccf7fec275bd65e3fe2b6a.256p.jpg
Silicon Power A55,45.99,1000,0.046,SSD,,2.5,SATA 6.0 Gb/s,
Seagate IronWolf NAS,99.99,4000,0.025,5400,256.0,3.5,SATA 6.0 Gb/s,https://cdna.pcpartpicker.com/static/forever/images/product/2051a9a304e2281fca519576296b3823.256p.jpg
Patriot P300,54.99,1000,0.055,SSD,,M.2-2280,M.2 PCIe 3.0 X4,https://m.media-amazon.com/images/I/411-9QPiZXL.jpg
Seagate BarraCuda,38.22,1000,0.038,7200,64.0,3.5,SATA 6.0 Gb/s,https://cdna.pcpartpicker.com/static/forever/images/product/c7b5b7dacbecdcdd0e073b761193eef6.256p.jpg
Western Digital Black SN770,56.99,500,0.114,SSD,,M.2-2280,M.2 PCIe 4.0 X4,https://cdna.pcpartpicker.com/static/forever/images/product/daf819b70eccf7fec275bd65e3fe2b6a.256p.jpg
MSI SPATIUM M480 PRO,109.67,1000,0.11,SSD,1024.0,M.2-2280,M.2 PCIe 4.0 X4,https://cdna.pcpartpicker.com/static/forever/images/product/e352117b6f8a568f0bed5452b16d922e.256p.jpg
Patriot P300,14.99,128,0.117,SSD,,M.2-2280,M.2 PCIe 3.0 X4,https://m.media-amazon.com/images/I/411-9QPiZXL.jpg
TEAMGROUP MP33,103.99,2000,0.052,SSD,,M.2-2280,M.2 PCIe 3.0 X4,
KIOXIA EXCERIA PLUS G3,83.78,1000,0.084,SSD,,M.2-2280,M.2 PCIe 4.0 X4,https://cdna.pcpartpicker.com/static/forever/images/product/5e351462f0fbe31fcee07125319c287c.256p.jpg
Silicon Power P34A60,36.97,512,0.072,SSD,,M.2-2280,M.2 PCIe 3.0 X4,
Crucial T700,379.99,4000,0.095,SSD,,M.2-2280,M.2 PCIe 5.0 X4,
Silicon Power A60,95.97,2000,0.048,SSD,,M.2-2280,M.2 PCIe 3.0 X4,
Seagate BarraCuda,67.0,2000,0.034,7200,64.0,3.5,SATA 6.0 Gb/s,https://cdna.pcpartpicker.com/static/forever/images/product/c7b5b7dacbecdcdd0e073b761193eef6.256p.jpg
Samsung 990 Pro w/Heatsink,109.99,1000,0.11,SSD,1024.0,M.2-2280,M.2 PCIe 4.0 X4,https://cdna.pcpartpicker.com/static/forever/images/product/e352117b6f8a568f0bed5452b16d922e.256p.jpg
Kingston A400,57.99,960,0.06,SSD,,2.5,SATA 6.0 Gb/s,
Samsung 970 Evo Plus,69.79,250,0.279,SSD,512.0,M.2-2280,M.2 PCIe 3.0 X4,https://cdna.pcpartpicker.com/static/forever/images/product/5e351462f0fbe31fcee07125319c287c.256p.jpg
Western Digital Blue SN580,44.99,500,0.09,SSD,,M.2-2280,M.2 PCIe 4.0 X4,https://cdna.pcpartpicker.com/static/forever/images/product/daf819b70eccf7fec275bd65e3fe2b6a.256p.jpg
Corsair MP600 PRO XT,909.99,8000,0.114,SSD,,M.2-2280,M.2 PCIe 4.0 X4,https://cdna.pcpartpicker.com/static/forever/images/product/e352117b6f8a568f0bed5452b16d922e.256p.jpg
Crucial P5 Plus,159.99,1000,0.16,SSD,1024.0,M.2-2280,M.2 PCIe 4.0 X4,https://cdna.pcpartpicker.com/static/forever/images/product/5e351462f0fbe31fcee07125319c287c.256p.jpg
Patriot P400 Lite,104.99,2000,0.052,SSD,,M.2-2280,M.2 PCIe 4.0 X4,
Western Digital Red Plus,99.99,4000,0.025,5400,256.0,3.5,SATA 6.0 Gb/s,https://cdna.pcpartpicker.com/static/forever/images/product/5e351462f0fbe31fcee07125319c287c.256p.jpg
Crucial MX500,149.99,1000,0.15,SSD,1024.0,2.5,SATA 6.0 Gb/s,
Corsair MP700 PRO,219.99,2000,0.11,SSD,,M.2-2280,M.2 PCIe 5.0 X4,https://cdna.pcpartpicker.com/static/forever/images/product/e352117b6f8a568f0bed5452b16d922e.256p.jpg
Crucial T700,219.99,2000,0.11,SSD,,M.2-2280,M.2 PCIe 5.0 X4,
MSI SPATIUM M482,109.99,2000,0.055,SSD,,M.2-2280,M.2 PCIe 4.0 X4,
PNY CS1030,91.99,2000,0.046,SSD,,M.2-2280,M.2 PCIe 3.0 X4,
Western Digital WD_BLACK SN8100,169.99,1000,0.17,SSD,1024.0,M.2-2280,M.2 PCIe 5.0 X4,https://cdna.pcpartpicker.com/static/forever/images/product/daf819b70eccf7fec275bd65e3fe2b6a.256p.jpg
TEAMGROUP T-FORCE G70 PRO Graphene,122.99,2000,0.061,SSD,,M.2-2280,M.2 PCIe 4.0 X4,https://cdna.pcpartpicker.com/static/forever/images/product/e352117b6f8a568f0bed5452b16d922e.256p.jpg
PNY CS2150,169.99,2000,0.085,SSD,,M.2-2280,M.2 PCIe 5.0 X4,
KIOXIA EXCERIA PLUS G3,146.31,2000,0.073,SSD,,M.2-2280,M.2 PCIe 4.0 X4,https://cdna.pcpartpicker.com/static/forever/images/product/5e351462f0fbe31fcee07125319c287c.256p.jpg
Western Digital Red Plus,179.99,10000,0.018,7200,256.0,3.5,SATA 6.0 Gb/s,https://cdna.pcpartpicker.com/static/forever/images/product/5e351462f0fbe31fcee07125319c287c.256p.jpg
Samsung 850 Evo,,250,,SSD,,2.5,SATA 6.0 Gb/s,
Seagate Exos X24 SED,571.59,24000,0.024,7200,512.0,3.5,SATA 6.0 Gb/s,https://cdna.pcpartpicker.com/static/forever/images/product/1cda827f4bfb60657c3e98eaf1e1b6c5.256p.jpg
Gigabyte AORUS Gen4 7300,91.99,1000,0.092,SSD,1024.0,M.2-2280,M.2 PCIe 4.0 X4,
Seagate Barracuda Compute,124.99,8000,0.016,5400,256.0,3.5,SATA 6.0 Gb/s,https://cdna.pcpartpicker.com/static/forever/images/product/c7b5b7dacbecdcdd0e073b761193eef6.256p.jpg
TEAMGROUP QX,182.99,4000,0.046,SSD,,2.5,SATA 6.0 Gb/s,
Samsung 860 Evo,109.0,500,0.218,SSD,512.0,2.5,SATA 6.0 Gb/s,
Acer Predator GM7000,77.98,1000,0.078,SSD,1024.0,M.2-2280,M.2 PCIe 4.0 X4,
Corsair MP400,,8000,,SSD,,M.2-2280,M.2 PCIe 3.0 X4,
Seagate Surveillance HDD,99.0,2000,0.05,5400,64.0,3.5,SATA 6.0 Gb/s,https://m.media-amazon.com/images/I/41NM4bGD2XL.jpg
Crucial P3,44.06,500,0.088,SSD,,M.2-2280,M.2 PCIe 3.0 X4,
Intel DC P3608,,4000,,SSD,,PCIe,PCIe x8,https://m.media-amazon.com/images/I/41nvp6nw6CL.jpg
Seagate IronWolf Pro,150.0,4000,0.037,7200,256.0,3.5,SATA 6.0 Gb/s,https://cdna.pcpartpicker.com/static/forever/images/product/e352117b6f8a568f0bed5452b16d922e.256p.jpg
Silicon Power A55,84.99,2000,0.042,SSD,,2.5,SATA 6.0 Gb/s,
Kingston NV2,118.77,2000,0.059,SSD,,M.2-2280,M.2 PCIe 4.0 X4,
PNY CS2150,89.99,1000,0.09,SSD,,M.2-2280,M.2 PCIe 5.0 X4,
Corsair MP700 Elite,134.99,1000,0.135,SSD,,M.2-2280,M.2 PCIe 5.0 X4,
FanXiang S880,59.99,1000,0.06,SSD,,M.2-2280,M.2 PCIe 4.0 X4,
Mushkin Gamma,1068.14,8000,0.134,SSD,,M.2-2280,M.2 PCIe 4.0 X4,
Intel D3-S4610,1485.0,7680,0.193,SSD,,2.5,SATA 6.0 Gb/s,
Crucial BX500,228.99,4000,0.057,SSD,,2.5,SATA 6.0 Gb/s,
Seagate IronWolf Pro NAS,249.99,12000,0.021,7200,256.0,3.5,SATA 6.0 Gb/s,https://cdna.pcpartpicker.com/static/forever/images/product/e352117b6f8a568f0bed5452b16d922e.256p.jpg
Kingston NV3,238.98,4000,0.06,SSD,,M.2-2280,M.2 PCIe 4.0 X4,
Patriot P210,29.79,512,0.058,SSD,,2.5,SATA 6.0 Gb/s,
Samsung 9100 PRO w/Heatsink,249.99,2000,0.125,SSD,2048.0,M.2-2280,M.2 PCIe 5.0 X4,https://cdna.pcpartpicker.com/static/forever/images/product/e352117b6f8a568f0bed5452b16d922e.256p.jpg
MSI SPATIUM M450,,1000,,SSD,,M.2-2280,M.2 PCIe 4.0 X4,
Kingston FURY Renegade G5,458.46,4096,0.112,SSD,,M.2-2280,M.2 PCIe 5.0 X4,
Toshiba HDKBB96,29.95,1000,0.03,5400,8.0,2.5,SATA 6.0 Gb/s,https://cdna.pcpartpicker.com/static/forever/images/product/fb19ec155b9d619a4912c8265ab74c3c.256p.jpg
PNY CS900,49.99,1000,0.05,SSD,,2.5,SATA 6.0 Gb/s,
Kingston Fury Renegade,309.95,4000,0.077,SSD,,M.2-2280,M.2 PCIe 4.0 X4,
Western Digital Blue,141.47,1000,0.141,SSD,,2.5,SATA 6.0 Gb/s,https://cdna.pcpartpicker.com/static/forever/images/product/0b9bfd76b0d511a6eff3730d12d5f95c.256p.jpg
MSI SPATIUM M470 PRO,,1000,,SSD,,M.2-2280,M.2 PCIe 4.0 X4,https://cdna.pcpartpicker.com/static/forever/images/product/e352117b6f8a568f0bed5452b16d922e.256p.jpg
Crucial T705 W/Heatsink,369.99,4000,0.092,SSD,,M.2-2280,M.2 PCIe 5.0 X4,
Western Digital Red Plus,158.85,8000,0.02,5640,256.0,3.5,SATA 6.0 Gb/s,https://cdna.pcpartpicker.com/static/forever/images/product/5e351462f0fbe31fcee07125319c287c.256p.jpg
Western Digital Blue,72.99,4000,0.018,5400,256.0,3.5,SATA 6.0 Gb/s,https://cdna.pcpartpicker.com/static/forever/images/product/0b9bfd76b0d511a6eff3730d12d5f95c.256p.jpg
Crucial T500,300.0,4000,0.075,SSD,,M.2-2280,M.2 PCIe 4.0 X4,
Western Digital WD_BLACK SN7100,239.99,4000,0.06,SSD,,M.2-2280,M.2 PCIe 4.0 X4,https://cdna.pcpartpicker.com/static/forever/images/product/daf819b70eccf7fec275bd65e3fe2b6a.256p.jpg
KingSpec XG7000,97.99,2000,0.049,SSD,,M.2-2280,M.2 PCIe 4.0 X4,
Crucial CT1000E100SSD8,71.5,1000,0.072,SSD,,M.2-2280,M.2 PCIe 4.0 X4,
Crucial P3,119.99,2000,0.06,SSD,,M.2-2280,M.2 PCIe 3.0 X4,
Lexar NM620,140.55,2000,0.07,SSD,,M.2-2280,M.2 PCIe 3.0 X4,
Samsung 970 Evo,106.13,500,0.212,SSD,512.0,M.2-2280,M.2 PCIe 3.0 X4,
Western Digital Blue SN570,122.79,1000,0.123,SSD,,M.2-2280,M.2 PCIe 3.0 X4,https://cdna.pcpartpicker.com/static/forever/images/product/daf819b70eccf7fec275bd65e3fe2b6a.256p.jpg
Crucial P5 Plus,228.8,2000,0.114,SSD,2048.0,M.2-2280,M.2 PCIe 4.0 X4,https://cdna.pcpartpicker.com/static/forever/images/product/5e351462f0fbe31fcee07125319c287c.256p.jpg
ADATA Legend 800,,1000,,SSD,,M.2-2280,M.2 PCIe 4.0 X4,
Western Digital WD_Black SN850X w/Heatsink,639.99,8000,0.08,SSD,,M.2-2280,M.2 PCIe 4.0 X4,https://cdna.pcpartpicker.com/static/forever/images/product/daf819b70eccf7fec275bd65e3fe2b6a.256p.jpg
Kingston NV2,45.77,500,0.092,SSD,,M.2-2280,M.2 PCIe 4.0 X4,
Western Digital WD Green SN3000,119.99,2000,0.06,SSD,,M.2-2280,M.2 PCIe 4.0 X4,https://cdna.pcpartpicker.com/static/forever/images/product/daf819b70eccf7fec275bd65e3fe2b6a.256p.jpg
Western Digital Caviar Blue,29.99,500,0.06,7200,16.0,3.5,SATA 6.0 Gb/s,https://cdna.pcpartpicker.com/static/forever/images/product/daf819b70eccf7fec275bd65e3fe2b6a.256p.jpg
TEAMGROUP MP33,23.99,256,0.094,SSD,,M.2-2280,M.2 PCIe 3.0 X4,
Seagate IronWolf Pro NAS,419.99,20000,0.021,7200,256.0,3.5,SATA 6.0 Gb/s,https://cdna.pcpartpicker.com/static/forever/images/product/e352117b6f8a568f0bed5452b16d922e.256p.jpg
ADATA XPG GAMMIX S70 Blade,75.98,1000,0.076,SSD,,M.2-2280,M.2 PCIe 4.0 X4,
Kingston KC3000,67.99,512,0.133,SSD,,M.2-2280,M.2 PCIe 4.0 X4,
Western Digital Blue SN550,104.85,1000,0.105,SSD,,M.2-2280,M.2 PCIe 3.0 X4,https://cdna.pcpartpicker.com/static/forever/images/product/daf819b70eccf7fec275bd65e3fe2b6a.256p.jpg
Acer Predator GM7,124.99,2000,0.062,SSD,,M.2-2280,M.2 PCIe 4.0 X4,
TEAMGROUP T-Force Vulcan Z,91.99,2000,0.046,SSD,,2.5,SATA 6.0 Gb/s,
TEAMGROUP T-Force Delta Max RGB Lite,58.99,1000,0.059,SSD,,2.5,SATA 6.0 Gb/s,
Silicon Power A55,27.99,512,0.055,SSD,,2.5,SATA 6.0 Gb/s,
Seagate Barracuda Compute,64.98,2000,0.032,7200,256.0,3.5,SATA 6.0 Gb/s,https://cdna.pcpartpicker.com/static/forever/images/product/c7b5b7dacbecdcdd0e073b761193eef6.256p.jpg
Corsair MP600 PRO NH,849.0,8000,0.106,SSD,,M.2-2280,M.2 PCIe 4.0 X4,https://cdna.pcpartpicker.com/static/forever/images/product/e352117b6f8a568f0bed5452b16d922e.256p.jpg
Lexar NQ790,146.79,2000,0.073,SSD,,M.2-2280,M.2 PCIe 4.0 X4,
PNY XLR8 CS3040,499.99,4000,0.125,SSD,,M.2-2280,M.2 PCIe 4.0 X4,
MSI SPATIUM M371,49.99,1000,,SSD,,M.2-2280,M.2 PCIe 3.0 X4,
Crucial P510,179.99,2000,0.09,SSD,,M.2-2280,M.2 PCIe 5.0 X4,
Crucial MX500,132.0,500,0.264,SSD,512.0,2.5,SATA 6.0 Gb/s,
TEAMGROUP QX,85.99,2000,0.043,SSD,,2.5,SATA 6.0 Gb/s,
MSI SPATIUM M460,,1000,,SSD,,M.2-2280,M.2 PCIe 4.0 X4,
Patriot Viper VP4300 Lite,64.98,1000,0.065,SSD,,M.2-2280,M.2 PCIe 4.0 X4,
Samsung 980 Pro w/Heatsink,150.99,1000,0.151,SSD,1024.0,M.2-2280,M.2 PCIe 4.0 X4,https://cdna.pcpartpicker.com/static/forever/images/product/e352117b6f8a568f0bed5452b16d922e.256p.jpg
Crucial BX500,23.49,240,0.098,SSD,,2.5,SATA 6.0 Gb/s,
Western Digital WD_Black SN850X w/Heatsink,174.99,2000,0.087,SSD,,M.2-2280,M.2 PCIe 4.0 X4,https://cdna.pcpartpicker.com/static/forever/images/product/daf819b70eccf7fec275bd65e3fe2b6a.256p.jpg
Western Digital WD_BLACK,179.89,4000,0.045,7200,256.0,3.5,SATA 6.0 Gb/s,https://cdna.pcpartpicker.com/static/forever/images/product/8fb58c4077beaad4862ae568730a61b6.256p.jpg
Gigabyte AORUS Gen4 7300,147.99,2000,0.074,SSD,2048.0,M.2-2280,M.2 PCIe 4.0 X4,
Crucial P310,49.98,500,0.1,SSD,,M.2-2280,M.2 PCIe 4.0 X4,
Western Digital Blue,69.98,500,0.14,SSD,,2.5,SATA 6.0 Gb/s,https://cdna.pcpartpicker.com/static/forever/images/product/0b9bfd76b0d511a6eff3730d12d5f95c.256p.jpg
Seagate IronWolf Pro,315.31,16000,0.02,7200,256.0,3.5,SATA 6.0 Gb/s,https://cdna.pcpartpicker.com/static/forever/images/product/e352117b6f8a568f0bed5452b16d922e.256p.jpg
Crucial T700,139.99,1000,0.14,SSD,,M.2-2280,M.2 PCIe 5.0 X4,
Samsung 9100 PRO w/Heatsink,,8000,,SSD,8192.0,M.2-2280,M.2 PCIe 5.0 X4,https://cdna.pcpartpicker.com/static/forever/images/product/e352117b6f8a568f0bed5452b16d922e.256p.jpg
ADATA LEGEND 860,77.49,1000,0.077,SSD,,M.2-2280,M.2 PCIe 4.0 X4,
Western Digital WD Blue SN5000,230.39,4000,0.058,SSD,,M.2-2280,M.2 PCIe 4.0 X4,https://cdna.pcpartpicker.com/static/forever/images/product/daf819b70eccf7fec275bd65e3fe2b6a.256p.jpg
Samsung 850 Evo,,500,,SSD,,2.5,SATA 6.0 Gb/s,
Lexar NM620,39.99,512,0.078,SSD,,M.2-2280,M.2 PCIe 3.0 X4,
Silicon Power US75,109.97,2000,0.055,SSD,,M.2-2280,M.2 PCIe 4.0 X4,
Toshiba MG04ACA600E,150.0,6000,0.025,7200,128.0,3.5,SATA 6.0 Gb/s,https://cdna.pcpartpicker.com/static/forever/images/product/fb19ec155b9d619a4912c8265ab74c3c.256p.jpg
Corsair MP700 PRO SE,549.99,4000,0.137,SSD,,M.2-2280,M.2 PCIe 5.0 X4,https://cdna.pcpartpicker.com/static/forever/images/product/e352117b6f8a568f0bed5452b16d922e.256p.jpg
Western Digital WD_BLACK,265.0,10000,0.026,7200,512.0,3.5,SATA 6.0 Gb/s,https://cdna.pcpartpicker.com/static/forever/images/product/8fb58c4077beaad4862ae568730a61b6.256p.jpg
TEAMGROUP MS30,30.99,512,0.061,SSD,,M.2-2280,M.2 SATA,
Western Digital Black SN750,119.0,1000,0.119,SSD,,M.2-2280,M.2 PCIe 3.0 X4,https://cdna.pcpartpicker.com/static/forever/images/product/daf819b70eccf7fec275bd65e3fe2b6a.256p.jpg
Patriot P320,32.99,512,0.064,SSD,,M.2-2280,M.2 PCIe 3.0 X4,
Corsair MP600 CORE XT,69.98,1000,0.07,SSD,,M.2-2280,M.2 PCIe 4.0 X4,
Western Digital Blue SA510,115.19,2000,0.058,SSD,,2.5,SATA 6.0 Gb/s,https://cdna.pcpartpicker.com/static/forever/images/product/daf819b70eccf7fec275bd65e3fe2b6a.256p.jpg
Patriot P400 Lite,35.99,500,0.072,SSD,,M.2-2280,M.2 PCIe 4.0 X4,
Seagate Exos X20,349.99,20000,0.017,7200,256.0,3.5,SATA 6.0 Gb/s,https://cdna.pcpartpicker.com/static/forever/images/product/41709ead4814bb1350fa3505d707758c.256p.jpg
TEAMGROUP T-Force Vulcan Z,31.99,512,0.062,SSD,,2.5,SATA 6.0 Gb/s,
TEAMGROUP MP44Q,59.99,1000,0.06,SSD,,M.2-2280,M.2 PCIe 4.0 X4,
Patriot P210,18.98,256,0.074,SSD,,2.5,SATA 6.0 Gb/s,
Crucial MX500,,2000,,SSD,2048.0,2.5,SATA 6.0 Gb/s,
Patriot P320,52.99,1000,0.053,SSD,,M.2-2280,M.2 PCIe 3.0 X4,
Western Digital WD Blue SN5000,44.75,500,0.089,SSD,,M.2-2280,M.2 PCIe 4.0 X4,https://cdna.pcpartpicker.com/static/forever/images/product/daf819b70eccf7fec275bd65e3fe2b6a.256p.jpg
Kingston FURY Renegade G5,242.31,2048,0.118,SSD,,M.2-2280,M.2 PCIe 5.0 X4,
