name,price,socket,form_factor,max_memory,memory_slots,color,image
Asus PRIME B650-PLUS WIFI,159.99,AM5,ATX,192,4,Black / Silver,https://cdna.pcpartpicker.com/static/forever/images/product/3ed831f2c6b1c74abe73d5c4d40bd306.256p.jpg
MSI B650 GAMING PLUS WIFI,169.99,AM5,ATX,192,4,Black,https://cdna.pcpartpicker.com/static/forever/images/product/ff33ebb87ed9f5fa5f9c54d6d316ae82.256p.jpg
MSI MAG B650 TOMAHAWK WIFI,189.42,AM5,ATX,256,4,Black,https://cdna.pcpartpicker.com/static/forever/images/product/dc9235e0d8052745493eb900bb9df6f6.256p.jpg
Gigabyte X870E AORUS ELITE WIFI7,325.31,AM5,ATX,256,4,Black,https://cdna.pcpartpicker.com/static/forever/images/product/1e1c3a84fdb8ea01eec98abd4c40d5d8.256p.jpg
Asus PRIME B550M-A WIFI II,99.99,AM4,Micro ATX,128,4,Blue / Silver,https://cdna.pcpartpicker.com/static/forever/images/product/ff4b4e2c7f72b014f39f1864b19e7250.256p.jpg
Gigabyte B650 EAGLE AX,157.99,AM5,ATX,192,4,Gray / Black,https://m.media-amazon.com/images/I/51BdjazabVL.jpg
Asus TUF GAMING B850-PLUS WIFI,217.99,AM5,ATX,192,4,Black / Silver,https://m.media-amazon.com/images/I/51FhIr30MjL.jpg
ASRock B650M Pro RS WiFi,139.99,AM5,Micro ATX,256,4,Black / Silver,https://cdna.pcpartpicker.com/static/forever/images/product/d7893755609db1feb833c99ad9d243bf.256p.jpg
MSI MAG X870 TOMAHAWK WIFI,269.99,AM5,ATX,256,4,Black,https://cdna.pcpartpicker.com/static/forever/images/product/ec3fc6477ed914f51a028bc29f0e20aa.256p.jpg
Gigabyte A520M K V2,68.47,AM4,Micro ATX,64,2,Brown / Black,https://cdna.pcpartpicker.com/static/forever/images/product/ad69b238cf570ec07fb8a00adda58eda.256p.jpg
Asus B650E MAX GAMING WIFI W,149.99,AM5,ATX,256,4,White,https://cdna.pcpartpicker.com/static/forever/images/product/233f7973b2f73df3b3273091792a871d.256p.jpg
MSI PRO B650-S WIFI,135.99,AM5,ATX,192,4,Black,https://cdna.pcpartpicker.com/static/forever/images/product/a3020fc8322a2821927ed01af1155620.256p.jpg
Gigabyte B550M K,99.99,AM4,Micro ATX,128,4,Brown / Silver,https://cdna.pcpartpicker.com/static/forever/images/product/f52a9a0b2a28f096b5b1e5bf02707224.256p.jpg
ASRock B850I Lightning WiFi,253.44,AM5,Mini ITX,128,2,Black,https://m.media-amazon.com/images/I/51CyutYviQL.jpg
MSI B760 GAMING PLUS WIFI,169.99,LGA1700,ATX,192,4,Black / Silver,https://cdna.pcpartpicker.com/static/forever/images/product/f22d681ccfd01238e756443a474f400b.256p.jpg
MSI PRO B550M-VC WIFI,99.99,AM4,Micro ATX,128,4,Black,https://cdna.pcpartpicker.com/static/forever/images/product/3ba98d49243674bac25ebc39e6cc1fbc.256p.jpg
MSI PRO Z790-A MAX WIFI,220.0,LGA1700,ATX,192,4,Silver / Black,https://cdna.pcpartpicker.com/static/forever/images/product/55e781311c4d62e83df9ac297a64c01a.256p.jpg
Asus TUF GAMING B650-PLUS WIFI,159.99,AM5,ATX,128,4,Black,https://cdna.pcpartpicker.com/static/forever/images/product/d9e08ab3fe18574bdc4f01dcfecce0ea.256p.jpg
Gigabyte X870 EAGLE WIFI7,229.99,AM5,ATX,256,4,Black,https://cdna.pcpartpicker.com/static/forever/images/product/a06aef05389e93f5e4de5dc26d807abe.256p.jpg
Gigabyte X870 AORUS ELITE WIFI7 ICE,299.99,AM5,ATX,256,4,White,https://cdna.pcpartpicker.com/static/forever/images/product/d1f30b497f0fd6289278b33ec776f86b.256p.jpg
MSI B550M PRO-VDH WIFI,109.99,AM4,Micro ATX,128,4,Black,https://cdna.pcpartpicker.com/static/forever/images/product/57b4a5399dc626e9c5786f786aeb94ac.256p.jpg
Asus ROG STRIX X870E-E GAMING WIFI,478.01,AM5,ATX,192,4,Black,https://cdna.pcpartpicker.com/static/forever/images/product/e6ec6fd92a901825fcbcc79fea85c79f.256p.jpg
ASRock B850M-X WiFi R2.0,129.99,AM5,Micro ATX,128,2,Black / White,https://cdna.pcpartpicker.com/static/forever/images/product/cf3d0f0524d2e319b2e8eb117d9b63ca.256p.jpg
Gigabyte B850 EAGLE WIFI6E,179.99,AM5,ATX,256,4,Gray / Black,https://cdna.pcpartpicker.com/static/forever/images/product/2a9181a93dc5c38ea219e25f07ff1322.256p.jpg
MSI MAG B850 TOMAHAWK MAX WIFI,219.99,AM5,ATX,256,4,Black / Green,https://cdna.pcpartpicker.com/static/forever/images/product/fe0743e587416e7fa161bfd0dca8237f.256p.jpg
Gigabyte B760M GAMING PLUS WIFI DDR4,139.49,LGA1700,Micro ATX,128,4,Black / Silver,https://cdna.pcpartpicker.com/static/forever/images/product/6dcbd73f46d20ca37c1e80a00f3ef206.256p.jpg
Asus ROG STRIX B650-A GAMING WIFI,164.95,AM5,ATX,192,4,Black / Silver,https://cdna.pcpartpicker.com/static/forever/images/product/127cc163cf3e552499471f1908f99cfe.256p.jpg
Gigabyte B650M GAMING PLUS WIFI,159.94,AM5,Micro ATX,192,4,Silver / Black,https://cdna.pcpartpicker.com/static/forever/images/product/dbb71bb11592fff92343d7d68db13544.256p.jpg
MSI MAG B550 TOMAHAWK MAX WIFI,169.99,AM4,ATX,128,4,Silver / Black,https://cdna.pcpartpicker.com/static/forever/images/product/cf20560e7e4a9e474fcb4c88238e4ffd.256p.jpg
Gigabyte B850 AORUS ELITE WIFI7,232.67,AM5,ATX,256,4,Black,https://cdna.pcpartpicker.com/static/forever/images/product/d3a0054902d36d38a60d09d83698d7c8.256p.jpg
Gigabyte B650 GAMING X AX V2,184.49,AM5,ATX,192,4,Gray / Black,https://m.media-amazon.com/images/I/51FV8n5IuGL.jpg
Asus ROG STRIX X870-A GAMING WIFI,318.99,AM5,ATX,192,4,White,https://cdna.pcpartpicker.com/static/forever/images/product/8759f89d039f01404d65dcb994629292.256p.jpg
ASRock A620I LIGHTNING WIFI,159.99,AM5,Mini ITX,96,2,Black,https://cdna.pcpartpicker.com/static/forever/images/product/ff33ebb87ed9f5fa5f9c54d6d316ae82.256p.jpg
Asus TUF GAMING B550-PLUS WIFI II,148.99,AM4,ATX,128,4,Black / Gray,https://cdna.pcpartpicker.com/static/forever/images/product/6b136eab8dcdd8f78e02da5a09b96795.256p.jpg
Asus TUF GAMING B650-E WIFI,199.99,AM5,ATX,192,4,Black / Orange,https://cdna.pcpartpicker.com/static/forever/images/product/287ac861ab77945d4c6d046865f62b5e.256p.jpg
Gigabyte Z790 EAGLE AX,169.99,LGA1700,ATX,192,4,Gray / Black,https://cdna.pcpartpicker.com/static/forever/images/product/3d487ee6ea150ca534c123f409cbae68.256p.jpg
MSI B450M-A PRO MAX II,97.09,AM4,Micro ATX,64,2,Black,https://cdna.pcpartpicker.com/static/forever/images/product/a1a4552c218bc30c1738a3642c5691dd.256p.jpg
MSI PRO B650M-P,149.99,AM5,Micro ATX,192,4,Black / Silver,https://cdna.pcpartpicker.com/static/forever/images/product/f03f1d667284f39b3eaf208a50cdbb68.256p.jpg
ASRock B450M/ac R2.0,74.99,AM4,Micro ATX,128,4,Black / Silver,https://cdna.pcpartpicker.com/static/forever/images/product/3097c6aa9533b84ddbaa1ce0be506081.256p.jpg
Asus TUF GAMING B850M-PLUS WIFI,219.99,AM5,Micro ATX,192,4,Black,https://cdna.pcpartpicker.com/static/forever/images/product/1d8ae56612d85a6804f4da9a9bc4c5e4.256p.jpg
ASRock B450M-HDV R4.0,69.98,AM4,Micro ATX,64,2,Black / White,https://cdna.pcpartpicker.com/static/forever/images/product/2b2897ac0de148a2935c3277573131b3.256p.jpg
Gigabyte B850 AORUS ELITE WIFI7 ICE,239.99,AM5,ATX,256,4,White / Silver,https://cdna.pcpartpicker.com/static/forever/images/product/b0c60fa6ec041477ad48e09d4203a0da.256p.jpg
MSI PRO B760M-P DDR4,99.99,LGA1700,Micro ATX,128,4,Black,https://cdna.pcpartpicker.com/static/forever/images/product/bc24eb1e51b0165c40c5fa45e30055ce.256p.jpg
Asus ROG STRIX B550-F GAMING WIFI II,169.99,AM4,ATX,128,4,Black / Red,https://cdna.pcpartpicker.com/static/forever/images/product/923cae0c8159c98aaf91541a20f95dc9.256p.jpg
Gigabyte B850M GAMING X WIFI6E,159.99,AM5,Micro ATX,256,4,Black,https://m.media-amazon.com/images/I/51Nm-+9BkbL.jpg
Asus ROG CROSSHAIR X870E HERO,649.99,AM5,ATX,192,4,Black,https://cdna.pcpartpicker.com/static/forever/images/product/308921dd82c7029537edd075cf518569.256p.jpg
Gigabyte A520I AC,99.99,AM4,Mini ITX,64,2,Black,https://cdna.pcpartpicker.com/static/forever/images/product/87329029966463ec6eac31fad52fae85.256p.jpg
Gigabyte B550M AORUS ELITE AX,149.99,AM4,Micro ATX,128,4,Black / Silver,https://cdna.pcpartpicker.com/static/forever/images/product/bf6939e818d9dd155a2acf5199ef6720.256p.jpg
ASRock B850M Pro-A WiFi,140.98,AM5,Micro ATX,256,4,Black,https://cdna.pcpartpicker.com/static/forever/images/product/e114446516cb565272b30e82624774be.256p.jpg
ASRock B650M PG Lightning Wifi,191.66,AM5,Micro ATX,256,4,Silver / Black,https://cdna.pcpartpicker.com/static/forever/images/product/1a90e8359fccb756980a4cea99fab24f.256p.jpg
MSI MPG B550 GAMING PLUS,104.99,AM4,ATX,128,4,Black,https://cdna.pcpartpicker.com/static/forever/images/product/607f7ca77131a0bf7dc6b75617795203.256p.jpg
MSI A520M-A PRO,67.62,AM4,Micro ATX,64,2,Black,https://m.media-amazon.com/images/I/61rBzM2fjzL.jpg
MSI PRO B650M-A WIFI,145.99,AM5,Micro ATX,192,4,Black,https://cdna.pcpartpicker.com/static/forever/images/product/a7ffc5ab34c099836bb0ff9f9dfcab6d.256p.jpg
Asus ROG STRIX B650E-F GAMING WIFI,254.25,AM5,ATX,192,4,Black,https://cdna.pcpartpicker.com/static/forever/images/product/b950287e2f141caa4638fc93dc99a6ba.256p.jpg
Asus ROG STRIX B850-A GAMING WIFI,239.0,AM5,ATX,192,4,White,https://m.media-amazon.com/images/I/515foeFWRnL.jpg
ASRock B550M Pro4,99.99,AM4,Micro ATX,128,4,Silver / Black,https://m.media-amazon.com/images/I/51P4WIOlrnL.jpg
MSI MAG X670E TOMAHAWK WIFI,248.71,AM5,ATX,192,4,Black,https://cdna.pcpartpicker.com/static/forever/images/product/c4516e2f81a19d4c9045028a3bae013b.256p.jpg
Asus TUF GAMING B650M-E WIFI,,AM5,Micro ATX,192,4,Black,https://cdna.pcpartpicker.com/static/forever/images/product/72cc976378dc0a1ba1f4cbd2e4be5754.256p.jpg
Asus ROG STRIX B850-I GAMING WIFI,299.99,AM5,Mini ITX,96,2,Black,https://cdna.pcpartpicker.com/static/forever/images/product/573b392b2d5a728c3a15f84dce93449b.256p.jpg
Asus ROG STRIX B650E-I GAMING WIFI,219.95,AM5,Mini ITX,96,2,Black,https://cdna.pcpartpicker.com/static/forever/images/product/bf950d502a28575d015348684bf78a37.256p.jpg
MSI MPG X870E CARBON WIFI,499.99,AM5,ATX,256,4,Black,https://cdna.pcpartpicker.com/static/forever/images/product/fac31c8cea999908580b1081eed58c0e.256p.jpg
Gigabyte B850 GAMING WIFI6,179.99,AM5,ATX,256,4,Black / Gray,https://cdna.pcpartpicker.com/static/forever/images/product/3138eb73b8a80dfd7e279a4c1d7ab934.256p.jpg
MSI B850 GAMING PLUS WIFI,199.99,AM5,ATX,256,4,Silver / Black,https://cdna.pcpartpicker.com/static/forever/images/product/2bbb6b8dc2a1b1dbd36d70f7733677f3.256p.jpg
Asus TUF GAMING X870-PLUS WIFI,266.99,AM5,ATX,192,4,Black,https://cdna.pcpartpicker.com/static/forever/images/product/0817e1eae7204d437ef0084b49c0c855.256p.jpg
Gigabyte Z790 AORUS ELITE AX,184.99,LGA1700,ATX,192,4,Black,https://cdna.pcpartpicker.com/static/forever/images/product/ba20600286bf8f74ce71df37ed8aef65.256p.jpg
MSI B550-A PRO,125.99,AM4,ATX,128,4,Black / Silver,https://m.media-amazon.com/images/I/51YHWAAsu5L.jpg
Asus ROG CROSSHAIR X870E EXTREME,999.99,AM5,EATX,256,4,Black / Silver,https://cdna.pcpartpicker.com/static/forever/images/product/32edc55907aae5cb63ec877846bb73ac.256p.jpg
ASRock B850M Pro RS WiFi,149.99,AM5,Micro ATX,256,4,Silver / Black,https://m.media-amazon.com/images/I/41Eyw5EG+4L.jpg
Asus TUF GAMING Z790-PLUS WIFI,219.99,LGA1700,ATX,192,4,Black / Gray,https://cdna.pcpartpicker.com/static/forever/images/product/aeb8a7dad48da098b42945e9439076fe.256p.jpg
Gigabyte X870E AORUS PRO ICE,329.99,AM5,ATX,256,4,White,https://cdna.pcpartpicker.com/static/forever/images/product/e10a4432559e6016902b572d4e062e7c.256p.jpg
Gigabyte B650 AORUS ELITE AX,185.99,AM5,ATX,192,4,Black / Silver,https://cdna.pcpartpicker.com/static/forever/images/product/2bb6d5c9fa86895c102e1ee17fbebdf3.256p.jpg
Gigabyte A620I AX,138.0,AM5,Mini ITX,96,2,Black / Gray,https://cdna.pcpartpicker.com/static/forever/images/product/69a825f37db70263d7e51fb24fb8e887.256p.jpg
Gigabyte X870I AORUS PRO ICE,284.99,AM5,Mini ITX,128,2,White,https://cdna.pcpartpicker.com/static/forever/images/product/08f4be6287189613c69c5b5dfd6cd88b.256p.jpg
MSI B650M GAMING PLUS WIFI,219.51,AM5,Micro ATX,192,4,Silver / Black,https://cdna.pcpartpicker.com/static/forever/images/product/69431e8d4900acff3cc388ff5f5f3ea7.256p.jpg
Asus ROG STRIX B850-F GAMING WIFI,269.18,AM5,ATX,192,4,Black,https://cdna.pcpartpicker.com/static/forever/images/product/da67975baa3e2a69497334af8eee81ce.256p.jpg
ASRock X870 Pro RS,179.99,AM5,ATX,256,4,White,https://cdna.pcpartpicker.com/static/forever/images/product/3c18873a597e1d70ab53fca8e67c2897.256p.jpg
MSI PRO A620M-E,154.9,AM5,Micro ATX,96,2,Black,https://cdna.pcpartpicker.com/static/forever/images/product/ff33ebb87ed9f5fa5f9c54d6d316ae82.256p.jpg
Asus TUF GAMING B650E-PLUS WIFI,189.99,AM5,ATX,256,4,Black / Silver,https://cdna.pcpartpicker.com/static/forever/images/product/54e3f2f7c2cbb05cfc37c8f430d547ea.256p.jpg
Gigabyte B850 GAMING X WIFI6E,197.99,AM5,ATX,256,4,Gray / Black,https://cdna.pcpartpicker.com/static/forever/images/product/62258989025bb9dd8fb1abaa606d1444.256p.jpg
Gigabyte B550 GAMING X V2,129.99,AM4,ATX,128,4,Black,https://cdna.pcpartpicker.com/static/forever/images/product/09d3314474cf5fefa2bd5c5941bb33b5.256p.jpg
ASRock B650M-HDV/M.2,138.63,AM5,Micro ATX,96,2,Silver / Black,https://cdna.pcpartpicker.com/static/forever/images/product/d28123654f51c07102f4b17dc4a08e54.256p.jpg
Asus Z790 GAMING WIFI7,179.99,LGA1700,ATX,192,4,Silver / Black,https://cdna.pcpartpicker.com/static/forever/images/product/c4369596c853d9da016e5878929ce45d.256p.jpg
MSI MAG X870E TOMAHAWK WIFI,309.99,AM5,ATX,256,4,Black / Green,https://cdna.pcpartpicker.com/static/forever/images/product/d45365fc05268cf82bf9720808262049.256p.jpg
Gigabyte B550 EAGLE WIFI6,129.99,AM4,ATX,128,4,Black,https://cdna.pcpartpicker.com/static/forever/images/product/9435af2197a80fcb37bc356ec9b83413.256p.jpg
MSI PRO H610M-G DDR4,93.99,LGA1700,Micro ATX,64,2,Black / Silver,https://cdna.pcpartpicker.com/static/forever/images/product/8a6d9e0f04302ca47ff65d23bda24e49.256p.jpg
MSI MEG X870E GODLIKE,999.99,AM5,EATX,256,4,Black,https://cdna.pcpartpicker.com/static/forever/images/product/ad4f70457b02886f1e6f9c9ae20a72f1.256p.jpg
ASRock X870 Pro RS WiFi,240.99,AM5,ATX,256,4,White,https://cdna.pcpartpicker.com/static/forever/images/product/3c18873a597e1d70ab53fca8e67c2897.256p.jpg
Gigabyte B850M AORUS ELITE WIFI6E ICE,199.99,AM5,Micro ATX,256,4,White / Silver,https://cdna.pcpartpicker.com/static/forever/images/product/0b600a0ada98f511e01e72c821404686.256p.jpg
ASRock B760M-HDV/M.2,119.32,LGA1700,Micro ATX,96,2,White / Black,https://cdna.pcpartpicker.com/static/forever/images/product/e114446516cb565272b30e82624774be.256p.jpg
Gigabyte TRX40 DESIGNARE,1449.0,sTRX4,XL ATX,256,8,Black / Silver,https://cdna.pcpartpicker.com/static/forever/images/product/252dcd44f35f054776a82e38a3ac4cbf.256p.jpg
ASRock A520M-HDV,62.99,AM4,Micro ATX,64,2,Black / Silver,https://cdna.pcpartpicker.com/static/forever/images/product/44867ec7814048eb5afc863cc9bc1de3.256p.jpg
ASRock B550 Phantom Gaming 4/ac,99.99,AM4,ATX,128,4,Silver / Black,https://cdna.pcpartpicker.com/static/forever/images/product/987495c240f254ae7314bdd8ae3c426c.256p.jpg
Gigabyte X870 AORUS ELITE WIFI7,262.0,AM5,ATX,256,4,Black,https://cdna.pcpartpicker.com/static/forever/images/product/d1f30b497f0fd6289278b33ec776f86b.256p.jpg
Asus ROG STRIX B760-I GAMING WIFI,209.95,LGA1700,Mini ITX,96,2,Black,https://cdna.pcpartpicker.com/static/forever/images/product/9b8e42f3b4e9ba5f9b18b87beb9359ec.256p.jpg
Gigabyte X870 GAMING WIFI6,189.99,AM5,ATX,256,4,Black / Gray,https://cdna.pcpartpicker.com/static/forever/images/product/2a78caa1159b44ac04ac0b6245d7a20b.256p.jpg
ASRock A620M-HDV/M.2,129.14,AM5,Micro ATX,96,2,Gray / Black,https://cdna.pcpartpicker.com/static/forever/images/product/a00629e6f5d93a9d8daf0981a338e993.256p.jpg
MSI MAG Z890 TOMAHAWK WIFI,239.99,LGA1851,ATX,256,4,Black / Yellow,https://cdna.pcpartpicker.com/static/forever/images/product/c4627c92bb33a5c35c247e2b415d25ed.256p.jpg
Asus ProArt X870E-CREATOR WIFI,517.99,AM5,ATX,256,4,Black / Gold,https://cdna.pcpartpicker.com/static/forever/images/product/90a7314681e18b425d4240b917dd7d3e.256p.jpg
ASRock B650 PG LIGHTNING,129.99,AM5,ATX,256,4,Black,https://cdna.pcpartpicker.com/static/forever/images/product/e620945c5a6d2b798d7c52e3d29cfe6c.256p.jpg
MSI MAG B550 TOMAHAWK,139.99,AM4,ATX,128,4,Black / Silver,https://cdna.pcpartpicker.com/static/forever/images/product/cf20560e7e4a9e474fcb4c88238e4ffd.256p.jpg
MSI MAG B760 TOMAHAWK WIFI,164.99,LGA1700,ATX,192,4,Black,https://cdna.pcpartpicker.com/static/forever/images/product/ff33ebb87ed9f5fa5f9c54d6d316ae82.256p.jpg
Gigabyte B550 UD AC,119.99,AM4,ATX,128,4,Brown / Black,https://cdna.pcpartpicker.com/static/forever/images/product/9c84b688f61e7464302774dcde515727.256p.jpg
Gigabyte B650M D3HP AX,139.99,AM5,Micro ATX,192,4,Black / Gray,https://cdna.pcpartpicker.com/static/forever/images/product/9f65900ab94286e8bd58699c80326ce3.256p.jpg
Asus PRIME B650M-A AX II,168.99,AM5,Micro ATX,192,4,Black / Silver,https://cdna.pcpartpicker.com/static/forever/images/product/5d5ee347c25c68a482c14cd91df23cbb.256p.jpg
ASRock B650I Lightning Wifi,199.99,AM5,Mini ITX,96,2,Black,https://cdna.pcpartpicker.com/static/forever/images/product/40e47e0c22c38ba2269880dd81c305f3.256p.jpg
ASRock X870E Taichi,468.95,AM5,EATX,256,4,Black,https://cdna.pcpartpicker.com/static/forever/images/product/23ef2a9c06fcdba69a77129c3df09ee6.256p.jpg
MSI MPG X870E EDGE TI WIFI,289.99,AM5,ATX,256,4,Silver / White,https://cdna.pcpartpicker.com/static/forever/images/product/c4c8f2a6a1e68f45227b8d0901995a43.256p.jpg
ASRock Phantom Gaming X870E Nova WiFi,299.99,AM5,ATX,256,4,Black / Purple,https://cdna.pcpartpicker.com/static/forever/images/product/eaa95c0e62803b458f2f0d163dfffa91.256p.jpg
MSI PRO X870E-P WIFI,244.94,AM5,ATX,256,4,Black / Silver,https://cdna.pcpartpicker.com/static/forever/images/product/818755e4ae3a17cd1e3dc208ed4017fe.256p.jpg
MSI PRO B850-P WIFI,199.99,AM5,ATX,256,4,Silver / Black,https://cdna.pcpartpicker.com/static/forever/images/product/5b18758444f0beaee3b10e125a16688e.256p.jpg
Gigabyte B760M DS3H AX,129.99,LGA1700,Micro ATX,192,4,Black,https://cdna.pcpartpicker.com/static/forever/images/product/d3a0054902d36d38a60d09d83698d7c8.256p.jpg
ASRock B850 Riptide WiFi,199.99,AM5,ATX,256,4,Black,https://cdna.pcpartpicker.com/static/forever/images/product/ff33ebb87ed9f5fa5f9c54d6d316ae82.256p.jpg
MSI B840 GAMING PLUS WIFI,149.99,AM5,ATX,256,4,Silver / Black,https://cdna.pcpartpicker.com/static/forever/images/product/ff33ebb87ed9f5fa5f9c54d6d316ae82.256p.jpg
ASRock B650M Pro RS,220.07,AM5,Micro ATX,256,4,Black / Silver,https://cdna.pcpartpicker.com/static/forever/images/product/d7893755609db1feb833c99ad9d243bf.256p.jpg
Asus TUF GAMING A520M-PLUS WIFI,110.46,AM4,Micro ATX,128,4,Black / Orange,https://cdna.pcpartpicker.com/static/forever/images/product/e17b78b80ad50c2c96668bb12c1f190e.256p.jpg
ASRock B760M PG Riptide Wifi,119.99,LGA1700,Micro ATX,192,4,Black,https://m.media-amazon.com/images/I/41OqAPsU4iL.jpg
ASRock B650 Steel Legend WiFi,280.35,AM5,ATX,256,4,White / Silver,https://cdna.pcpartpicker.com/static/forever/images/product/f154f20635f7e56b180c01266156053f.256p.jpg
Gigabyte B650 AORUS ELITE AX ICE,199.74,AM5,ATX,192,4,Silver,https://cdna.pcpartpicker.com/static/forever/images/product/7352b7865a2e77e70371d5c81a01f5a7.256p.jpg
MSI X670E GAMING PLUS WIFI,189.99,AM5,ATX,192,4,Silver / Black,https://cdna.pcpartpicker.com/static/forever/images/product/f8d60a74e775beebaf456eebb23c4ca4.256p.jpg
Gigabyte B650 AORUS ELITE AX V2,199.99,AM5,ATX,192,4,Black / Silver,https://cdna.pcpartpicker.com/static/forever/images/product/2bb6d5c9fa86895c102e1ee17fbebdf3.256p.jpg
Asus ROG STRIX X870-I GAMING WIFI,448.99,AM5,Mini ITX,128,2,Black,https://cdna.pcpartpicker.com/static/forever/images/product/4e5ec27085e7971c37ce5794396f9639.256p.jpg
Asus ROG STRIX Z790-A GAMING WIFI II,590.0,LGA1700,ATX,192,4,Black / Silver,https://cdna.pcpartpicker.com/static/forever/images/product/f8ae5122cf0714c64af32c0d940ce6d7.256p.jpg
Asus ROG ZENITH II EXTREME ALPHA,,sTRX4,EATX,256,8,Black / Silver,https://m.media-amazon.com/images/I/51qc0yafF+L.jpg
MSI PRO Z790-P WIFI,179.99,LGA1700,ATX,192,4,Black / Silver,https://cdna.pcpartpicker.com/static/forever/images/product/157047663b648bb72039e6208a029ef3.256p.jpg
ASRock B760 Pro RS/D4,154.05,LGA1700,ATX,128,4,Silver / Black,https://cdna.pcpartpicker.com/static/forever/images/product/57b4a5399dc626e9c5786f786aeb94ac.256p.jpg
ASRock B850M Steel Legend WiFi,179.99,AM5,Micro ATX,256,4,Silver / Black,https://cdna.pcpartpicker.com/static/forever/images/product/b79a4103bd136cf3dcfcfdb299453e0e.256p.jpg
Asus TUF GAMING B650M-PLUS WIFI,259.0,AM5,Micro ATX,192,4,Black,https://cdna.pcpartpicker.com/static/forever/images/product/41f2fc275ab34cc9fcd97bea2a63ba7d.256p.jpg
MSI B760M GAMING PLUS WIFI,252.19,LGA1700,Micro ATX,192,4,Black / Silver,https://cdna.pcpartpicker.com/static/forever/images/product/96638c2881bd646987778b312655d859.256p.jpg
Gigabyte B550M DS3H AC,99.99,AM4,Micro ATX,128,4,Black,https://cdna.pcpartpicker.com/static/forever/images/product/61e134589d40c606cd6ac71cd3603434.256p.jpg
Gigabyte B650M GAMING WIFI6E,177.17,AM5,Micro ATX,128,2,Silver / Black,https://cdna.pcpartpicker.com/static/forever/images/product/7486bd0a06a2794a9f33b9104c25ca57.256p.jpg
MSI PRO B760-P WIFI DDR4,159.95,LGA1700,ATX,128,4,Black,https://cdna.pcpartpicker.com/static/forever/images/product/28e8ce6b41464b892862574420f45b63.256p.jpg
Gigabyte B650 EAGLE,212.19,AM5,ATX,192,4,Black / Gray,https://m.media-amazon.com/images/I/51BdjazabVL.jpg
MSI X870 GAMING PLUS WIFI,249.99,AM5,ATX,256,4,Black / White,https://cdna.pcpartpicker.com/static/forever/images/product/d12159191629629d3c107e4bbe7607c1.256p.jpg
Asus TUF GAMING B760-PLUS WIFI,159.99,LGA1700,ATX,192,4,Black,https://cdna.pcpartpicker.com/static/forever/images/product/bc0dae2e2b9ee30cfad6a2b8da8d8da3.256p.jpg
ASRock Z790 PRO RS WIFI,229.68,LGA1700,ATX,192,4,Silver / Black,https://cdna.pcpartpicker.com/static/forever/images/product/0a9cc0cdde3a83295545ae04856c18ee.256p.jpg
Gigabyte A520M S2H,72.98,AM4,Micro ATX,64,2,Black,https://cdna.pcpartpicker.com/static/forever/images/product/d3a0054902d36d38a60d09d83698d7c8.256p.jpg
Asus TUF GAMING X570-PLUS (WI-FI),,AM4,ATX,128,4,Black / Gold,https://cdna.pcpartpicker.com/static/forever/images/product/8d7d0435e8a2af93b5d91a1a5dccd476.256p.jpg
Asus Prime B450M-A II,140.0,AM4,Micro ATX,128,4,,https://cdna.pcpartpicker.com/static/forever/images/product/dbeb8cc8ade3dfcbfed111e7b3b4d00f.256p.jpg
Gigabyte B850I AORUS PRO,259.99,AM5,Mini ITX,128,2,,https://cdna.pcpartpicker.com/static/forever/images/product/eaf7d7e4417a44ec7b73e8da2a29142b.256p.jpg
Gigabyte A520M DS3H V2,101.9,AM4,Micro ATX,128,4,Gray / Brown,https://cdna.pcpartpicker.com/static/forever/images/product/0090b895d648338f39bc35ccaa60ca67.256p.jpg
MSI B550 GAMING GEN3,124.58,AM4,ATX,128,4,Black,https://cdna.pcpartpicker.com/static/forever/images/product/cbc52effd345bd5e9d66b5f7d198f8b4.256p.jpg
MSI MAG B850M MORTAR WIFI,239.99,AM5,Micro ATX,256,4,Black / Green,https://cdna.pcpartpicker.com/static/forever/images/product/5299771c95c4e8b3d5f41cd252b1cd0b.256p.jpg
Gigabyte B550 AORUS ELITE AX V2,149.99,AM4,ATX,128,4,Black / Silver,https://m.media-amazon.com/images/I/51Hz3u7PR0L.jpg
ASRock B850 Steel Legend WiFi,209.99,AM5,ATX,256,4,White / Black,https://cdna.pcpartpicker.com/static/forever/images/product/30f5f3b9f60b1167239fee968998ce39.256p.jpg
MSI MPG B650I EDGE WIFI,289.99,AM5,Mini ITX,128,2,Black / Silver,https://cdna.pcpartpicker.com/static/forever/images/product/67b21f33b930179c2c462faa514ae6f3.256p.jpg
MSI MAG Z790 TOMAHAWK WIFI,189.99,LGA1700,ATX,192,4,Black,https://cdna.pcpartpicker.com/static/forever/images/product/4776555bd90ed817bdfa00fc78ae3043.256p.jpg
MSI B450 TOMAHAWK MAX,,AM4,ATX,128,4,Black,https://cdna.pcpartpicker.com/static/forever/images/product/0a8a0ca77620c63b68fec6323537d50a.256p.jpg
Gigabyte B550I AORUS PRO AX,189.99,AM4,Mini ITX,64,2,Black / Silver,https://cdna.pcpartpicker.com/static/forever/images/product/46324a9aac9a2c2e7b705b32a4632fba.256p.jpg
Asus ROG STRIX B860-I GAMING WIFI,219.99,LGA1851,Mini ITX,128,2,Black / Silver,https://cdna.pcpartpicker.com/static/forever/images/product/680d520ef892efb6864b638be584cc9a.256p.jpg
ASRock H370M-HDV,74.98,LGA1151,Micro ATX,64,2,Black / Silver,https://cdna.pcpartpicker.com/static/forever/images/product/705b5dd683b4cbb22aa23484758f51ab.256p.jpg
Asus ROG STRIX B550-A GAMING,241.13,AM4,ATX,128,4,Black / White,https://cdna.pcpartpicker.com/static/forever/images/product/5ac88d84f61dd91c0621ac30c4dc5480.256p.jpg
NZXT N7 B650E,260.88,AM5,ATX,128,4,White,https://cdna.pcpartpicker.com/static/forever/images/product/233f7973b2f73df3b3273091792a871d.256p.jpg
Gigabyte X870E AORUS PRO,349.99,AM5,ATX,256,4,Black,https://cdna.pcpartpicker.com/static/forever/images/product/e10a4432559e6016902b572d4e062e7c.256p.jpg
MSI Z790 GAMING PLUS WIFI,169.99,LGA1700,ATX,192,4,Black,https://cdna.pcpartpicker.com/static/forever/images/product/8ebf82190e0ae9871ce4a1a4c824e204.256p.jpg
MSI MPG B850I EDGE TI WIFI,249.99,AM5,Mini ITX,128,2,Silver,https://cdna.pcpartpicker.com/static/forever/images/product/9215de4401fbfce1a54ecc659fc6f3b5.256p.jpg
ASRock B650 PRO RS,147.02,AM5,ATX,256,4,Black / Silver,https://cdna.pcpartpicker.com/static/forever/images/product/ccef8c9b5cad8a1a27840cb7082b4bcb.256p.jpg
Gigabyte Z790 S WIFI DDR4 (rev. 1.0),,LGA1700,ATX,128,4,Black,https://cdna.pcpartpicker.com/static/forever/images/product/ff33ebb87ed9f5fa5f9c54d6d316ae82.256p.jpg
Gigabyte B650E AORUS ELITE X AX ICE,209.0,AM5,ATX,192,4,Silver / White,https://m.media-amazon.com/images/I/41jglVrDisL.jpg
MSI PRO B840-P WIFI,159.99,AM5,ATX,256,4,Silver,https://cdna.pcpartpicker.com/static/forever/images/product/93d5075a8c12fbe641b5bb67f4a4fd3b.256p.jpg
ASRock B550M-ITX/ac,99.99,AM4,Mini ITX,64,2,Silver / Black,https://cdna.pcpartpicker.com/static/forever/images/product/66aa5dd590cf1bb5fe8de0417f9ed7e6.256p.jpg
Gigabyte X870E AORUS MASTER,499.99,AM5,ATX,256,4,Black,https://cdna.pcpartpicker.com/static/forever/images/product/ed1f6782e1b86645c63ded6d9341826a.256p.jpg
ASRock B850 Pro-A,139.99,AM5,ATX,256,4,Black / Silver,https://cdna.pcpartpicker.com/static/forever/images/product/fe0743e587416e7fa161bfd0dca8237f.256p.jpg
ASRock B760M-H2/M.2,153.88,LGA1700,Micro ATX,96,2,Black / Silver,https://cdna.pcpartpicker.com/static/forever/images/product/e114446516cb565272b30e82624774be.256p.jpg
Asus ROG STRIX B850-E GAMING WIFI,339.0,AM5,ATX,256,4,Black,https://m.media-amazon.com/images/I/518Anf1ta6L.jpg
MSI MAG B650M MORTAR WIFI,198.99,AM5,Micro ATX,192,4,Black,https://cdna.pcpartpicker.com/static/forever/images/product/ff33ebb87ed9f5fa5f9c54d6d316ae82.256p.jpg
ASRock B650M Pro X3D WiFi,139.99,AM5,Micro ATX,256,4,Black / Silver,https://cdna.pcpartpicker.com/static/forever/images/product/ff33ebb87ed9f5fa5f9c54d6d316ae82.256p.jpg
MSI PRO X870-P WIFI,273.0,AM5,ATX,256,4,Black / Silver,https://cdna.pcpartpicker.com/static/forever/images/product/7c477d52ba6b9b085a3207046aecebd2.256p.jpg
Asus PRIME B550-PLUS AC-HES,129.99,AM4,ATX,128,4,Silver / Black,https://cdna.pcpartpicker.com/static/forever/images/product/d1cc901f52eef99cab0cc4d4255401ea.256p.jpg
Asus PRIME X870-P WIFI,219.99,AM5,ATX,192,4,Black / Silver,https://cdna.pcpartpicker.com/static/forever/images/product/b8d7644383eb0f52cf18ebde7e83176b.256p.jpg
Gigabyte B650M AORUS ELITE AX,199.99,AM5,Micro ATX,192,4,Black,https://cdna.pcpartpicker.com/static/forever/images/product/959c60578b19c2067f96036a19691ac0.256p.jpg
ASRock B550 Phantom Gaming-ITX/ax,149.99,AM4,Mini ITX,64,2,Silver / Black,https://cdna.pcpartpicker.com/static/forever/images/product/ff33ebb87ed9f5fa5f9c54d6d316ae82.256p.jpg
Asus Z790-AYW WIFI W II,189.99,LGA1700,ATX,192,4,White,https://cdna.pcpartpicker.com/static/forever/images/product/b22deeb4627bdcc5bb070b2f51cbe5b6.256p.jpg
ASRock B850M Riptide WiFi,169.99,AM5,Micro ATX,256,4,Black,https://cdna.pcpartpicker.com/static/forever/images/product/b17a445556fd7abaaebb5f907bf7942d.256p.jpg
Gigabyte B760M DS3H DDR4,109.99,LGA1700,Micro ATX,128,4,Black,https://cdna.pcpartpicker.com/static/forever/images/product/d3a0054902d36d38a60d09d83698d7c8.256p.jpg
Asus TUF GAMING B760M-PLUS WIFI II,263.77,LGA1700,Micro ATX,192,4,Black / Orange,https://cdna.pcpartpicker.com/static/forever/images/product/e88401bf243576dc4626866d019cd58e.256p.jpg
Gigabyte B650M AORUS ELITE AX ICE,199.99,AM5,Micro ATX,192,4,Silver,https://m.media-amazon.com/images/I/51I4yoLwY7L.jpg
Asus ROG CROSSHAIR X670E HERO,,AM5,ATX,192,4,Black / Silver,https://cdna.pcpartpicker.com/static/forever/images/product/fc1500861d9fdb521459849de62b11d4.256p.jpg
Asus PRIME H610I-PLUS D4-CSM,112.99,LGA1700,Mini ITX,64,2,Silver / Black,https://cdna.pcpartpicker.com/static/forever/images/product/0910ab20a011a742b9fcf2f1aab43c8d.256p.jpg
Asus PRIME B760M-A AX,131.74,LGA1700,Micro ATX,128,4,Silver / Black,https://cdna.pcpartpicker.com/static/forever/images/product/98306ad4df2d2566069162fdf4ecb6d2.256p.jpg
Gigabyte B550M DS3H,137.64,AM4,Micro ATX,128,4,Black / Gold,https://cdna.pcpartpicker.com/static/forever/images/product/61e134589d40c606cd6ac71cd3603434.256p.jpg
MSI PRO B650-P WIFI,169.99,AM5,ATX,192,4,Black,https://cdna.pcpartpicker.com/static/forever/images/product/b381dd1cf368e92388a8bfc64866fcc5.256p.jpg
ASRock B650M-H/M.2+,99.99,AM5,Micro ATX,96,2,Silver / Black,https://cdna.pcpartpicker.com/static/forever/images/product/07c31fe938c6e8531c051bc527759992.256p.jpg
ASRock X870 Steel Legend WiFi,259.99,AM5,ATX,256,4,White,https://cdna.pcpartpicker.com/static/forever/images/product/ff33ebb87ed9f5fa5f9c54d6d316ae82.256p.jpg
Asus ROG MAXIMUS Z790 DARK HERO,999.99,LGA1700,ATX,192,4,Black,https://cdna.pcpartpicker.com/static/forever/images/product/233f7973b2f73df3b3273091792a871d.256p.jpg
Gigabyte Z790 AORUS ELITE X WIFI7,239.99,LGA1700,ATX,192,4,Black,https://cdna.pcpartpicker.com/static/forever/images/product/a42ec2d24365991ac8e4f9a3067f2e85.256p.jpg
ASRock H610M/ac,89.99,LGA1700,Micro ATX,64,2,Silver / Black,https://cdna.pcpartpicker.com/static/forever/images/product/e114446516cb565272b30e82624774be.256p.jpg
Gigabyte B650I AORUS ULTRA,237.0,AM5,Mini ITX,96,2,Black / Silver,https://cdna.pcpartpicker.com/static/forever/images/product/d24b8a128d98467e0dd3bc57882ddd55.256p.jpg
Gigabyte A620M S2H,110.82,AM5,Micro ATX,96,2,Gray / Black,https://cdna.pcpartpicker.com/static/forever/images/product/d3a0054902d36d38a60d09d83698d7c8.256p.jpg
Gigabyte Z890 EAGLE WIFI7,224.27,LGA1851,ATX,256,4,Silver / Black,https://cdna.pcpartpicker.com/static/forever/images/product/d3a0054902d36d38a60d09d83698d7c8.256p.jpg
Asus ROG STRIX B450-F GAMING II,269.27,AM4,ATX,128,4,Black,https://cdna.pcpartpicker.com/static/forever/images/product/0f27bb84f57d51a9cb2b0c91d25efb0f.256p.jpg
Asus ROG STRIX X870-F GAMING WIFI,419.99,AM5,ATX,192,4,Black,https://cdna.pcpartpicker.com/static/forever/images/product/10aa151066c248c524d1a2a4793e91c0.256p.jpg
Gigabyte B450M DS3H,153.26,AM4,Micro ATX,128,4,Black / Silver,https://cdna.pcpartpicker.com/static/forever/images/product/176028811e50cad67b57ed0e604229c9.256p.jpg
Asus PRIME B840-PLUS WIFI,149.99,AM5,ATX,192,4,Silver / Black,https://cdna.pcpartpicker.com/static/forever/images/product/ff33ebb87ed9f5fa5f9c54d6d316ae82.256p.jpg
ASRock B850 LiveMixer WiFi,189.99,AM5,ATX,256,4,Silver / Black,https://cdna.pcpartpicker.com/static/forever/images/product/ff33ebb87ed9f5fa5f9c54d6d316ae82.256p.jpg
Asus TUF GAMING B550M-PLUS WIFI II,199.99,AM4,Micro ATX,128,4,Black / Gray,https://m.media-amazon.com/images/I/51q6ackGrcL.jpg
ASRock B450M PRO4 R2.0,99.99,AM4,Micro ATX,128,4,Gray / Black,https://cdna.pcpartpicker.com/static/forever/images/product/c289ccdec3ef04b9f29b7e33e59e7c02.256p.jpg
ASRock B660M Pro RS,107.99,LGA1700,Micro ATX,128,4,Gray / Black,https://cdna.pcpartpicker.com/static/forever/images/product/57b4a5399dc626e9c5786f786aeb94ac.256p.jpg
ASRock A620M Pro RS WiFi,148.93,AM5,Micro ATX,256,4,Silver / Black,https://cdna.pcpartpicker.com/static/forever/images/product/ff33ebb87ed9f5fa5f9c54d6d316ae82.256p.jpg
Asus ROG STRIX X670E-E GAMING WIFI,384.0,AM5,ATX,192,4,Black / Silver,https://cdna.pcpartpicker.com/static/forever/images/product/e6ec6fd92a901825fcbcc79fea85c79f.256p.jpg
ASRock H510M-HDV/M.2 SE,94.31,LGA1200,Micro ATX,64,2,Black / Silver,https://cdna.pcpartpicker.com/static/forever/images/product/19311c5e50110735a54fd1883b3291f5.256p.jpg
Asus ROG STRIX B550-F GAMING,219.99,AM4,ATX,128,4,Black,https://cdna.pcpartpicker.com/static/forever/images/product/923cae0c8159c98aaf91541a20f95dc9.256p.jpg
ASRock B550M-HDV,89.99,AM4,Micro ATX,64,2,Black,https://cdna.pcpartpicker.com/static/forever/images/product/f50779cfddeda830b0af852915702a00.256p.jpg
MSI PRO Z890-P WIFI,189.99,LGA1851,ATX,256,4,Black / Silver,https://cdna.pcpartpicker.com/static/forever/images/product/ff33ebb87ed9f5fa5f9c54d6d316ae82.256p.jpg
MSI PRO B650-A WIFI,169.99,AM5,ATX,256,4,Black / Silver,https://cdna.pcpartpicker.com/static/forever/images/product/1ebe7481f8913ec4a4ee845a71de622b.256p.jpg
ASRock B850M-X WiFi,124.99,AM5,Micro ATX,128,2,Black / White,https://cdna.pcpartpicker.com/static/forever/images/product/cf3d0f0524d2e319b2e8eb117d9b63ca.256p.jpg
Gigabyte B550M AORUS ELITE,134.0,AM4,Micro ATX,128,4,Black / Orange,https://cdna.pcpartpicker.com/static/forever/images/product/bf6939e818d9dd155a2acf5199ef6720.256p.jpg
ASRock Phantom Gaming X870 Riptide WiFi,249.99,AM5,ATX,256,4,Black / Purple,https://cdna.pcpartpicker.com/static/forever/images/product/a3d3820d2dc15d622503bab5374400d7.256p.jpg
Asus PRIME B650M-A WIFI II,237.07,AM5,Micro ATX,192,4,Black / Silver,https://cdna.pcpartpicker.com/static/forever/images/product/ad4cb091a8b12d54b7ea92865fbddc2f.256p.jpg
MSI MPG B850 EDGE TI WIFI,309.99,AM5,ATX,256,4,Silver / White,https://cdna.pcpartpicker.com/static/forever/images/product/96e46dd70c74cd0a13c6e161f4a0fa72.256p.jpg
MSI PRO B760M-A WIFI DDR4,154.99,LGA1700,Micro ATX,128,4,Black,https://cdna.pcpartpicker.com/static/forever/images/product/6bc2735a3e9fd678f10b45359fd4121d.256p.jpg
Gigabyte B550M GAMING X WIFI6,154.99,AM4,Micro ATX,128,4,Gray / Black,https://cdna.pcpartpicker.com/static/forever/images/product/cd5f3bb9add2e4123ade1d5161553326.256p.jpg
MSI B650M PROJECT ZERO,229.99,AM5,Micro ATX,256,4,Silver / Black,https://cdna.pcpartpicker.com/static/forever/images/product/5d6438f204d9a75545fa27ce60fbb3b9.256p.jpg
Gigabyte B650M GAMING WIFI,,AM5,Micro ATX,96,2,Black / Silver,https://cdna.pcpartpicker.com/static/forever/images/product/7486bd0a06a2794a9f33b9104c25ca57.256p.jpg
ASRock H81 Pro BTC,44.98,LGA1150,ATX,16,2,Black / Silver,https://cdna.pcpartpicker.com/static/forever/images/product/57b4a5399dc626e9c5786f786aeb94ac.256p.jpg
Gigabyte B760 GAMING X AX,239.94,LGA1700,ATX,192,4,Black / Gray,https://cdna.pcpartpicker.com/static/forever/images/product/ff33ebb87ed9f5fa5f9c54d6d316ae82.256p.jpg
Asus ROG STRIX B450-F GAMING,129.99,AM4,ATX,128,4,Black,https://cdna.pcpartpicker.com/static/forever/images/product/66e5b5e4d0a52b6a2f99bb53bf52eee7.256p.jpg
MSI PRO-H610M-E-DDR4,,LGA1700,Micro ATX,64,2,Black,https://cdna.pcpartpicker.com/static/forever/images/product/ff33ebb87ed9f5fa5f9c54d6d316ae82.256p.jpg
Asus B760M-AYW WIFI D4 II,99.99,LGA1700,Micro ATX,64,2,Black / Silver,https://cdna.pcpartpicker.com/static/forever/images/product/1e20fcdfc3ac73aae41d19e73b2d505c.256p.jpg
ASRock X870E Taichi Lite,299.99,AM5,EATX,256,4,Black / Silver,https://cdna.pcpartpicker.com/static/forever/images/product/1e1c3a84fdb8ea01eec98abd4c40d5d8.256p.jpg
MSI MPG Z790 CARBON MAX WIFI II,469.99,LGA1700,ATX,256,4,Black,https://cdna.pcpartpicker.com/static/forever/images/product/ff33ebb87ed9f5fa5f9c54d6d316ae82.256p.jpg
Asus PRIME B760-PLUS,,LGA1700,ATX,192,4,Black / Silver,https://cdna.pcpartpicker.com/static/forever/images/product/ff33ebb87ed9f5fa5f9c54d6d316ae82.256p.jpg
Asus PRIME A320M-K,,AM4,Micro ATX,32,2,Black / White,https://cdna.pcpartpicker.com/static/forever/images/product/233f7973b2f73df3b3273091792a871d.256p.jpg
NZXT N9 X870E,459.99,AM5,ATX,192,4,Black,https://cdna.pcpartpicker.com/static/forever/images/product/1e1c3a84fdb8ea01eec98abd4c40d5d8.256p.jpg
Asus ROG CROSSHAIR X870E APEX,749.99,AM5,ATX,128,2,Black,https://cdna.pcpartpicker.com/static/forever/images/product/5062e49eb8bbd20c8095147db90fba14.256p.jpg
Asus ROG STRIX Z890-E GAMING WIFI,424.0,LGA1851,ATX,192,4,Black,https://cdna.pcpartpicker.com/static/forever/images/product/e454bdc289a21a76440be26aaacc1c38.256p.jpg
Asus TUF GAMING X670E-PLUS WIFI,235.99,AM5,ATX,192,4,Black / Orange,https://cdna.pcpartpicker.com/static/forever/images/product/a50762ffa9e13f8e51e5e914137c47a1.256p.jpg
Gigabyte B650I AX,223.75,AM5,Mini ITX,96,2,Black,https://cdna.pcpartpicker.com/static/forever/images/product/84541ae6fccab36ca43f3d19efa9cae2.256p.jpg
Asus ROG STRIX Z790-E GAMING WIFI,399.99,LGA1700,ATX,192,4,Black,https://cdna.pcpartpicker.com/static/forever/images/product/e454bdc289a21a76440be26aaacc1c38.256p.jpg
Gigabyte B650 GAMING X AX,166.63,AM5,ATX,192,4,Black / Gray,https://m.media-amazon.com/images/I/51FV8n5IuGL.jpg
ASRock B660M-HDV,107.51,LGA1700,Micro ATX,64,2,Gray / Black,https://cdna.pcpartpicker.com/static/forever/images/product/e114446516cb565272b30e82624774be.256p.jpg
Gigabyte X670 AORUS ELITE AX,239.99,AM5,ATX,192,4,Black,https://cdna.pcpartpicker.com/static/forever/images/product/d3a0054902d36d38a60d09d83698d7c8.256p.jpg
MSI PRO B850M-P WIFI,179.99,AM5,Micro ATX,256,4,Black / Silver,https://cdna.pcpartpicker.com/static/forever/images/product/e5ef70a31eda568d633f331a887b2aae.256p.jpg
Gigabyte B450M K,99.95,AM4,Micro ATX,64,2,Brown / Silver,https://cdna.pcpartpicker.com/static/forever/images/product/d3a0054902d36d38a60d09d83698d7c8.256p.jpg
ASRock G41M-S,57.7,LGA775,Micro ATX,8,2,Blue / White,https://cdna.pcpartpicker.com/static/forever/images/product/e114446516cb565272b30e82624774be.256p.jpg
Gigabyte X870E AORUS ELITE WIFI7 ICE,329.99,AM5,ATX,256,4,White,https://cdna.pcpartpicker.com/static/forever/images/product/d1f30b497f0fd6289278b33ec776f86b.256p.jpg
Gigabyte X870E AORUS XTREME AI TOP,799.99,AM5,EATX,256,4,Black,https://cdna.pcpartpicker.com/static/forever/images/product/d3a0054902d36d38a60d09d83698d7c8.256p.jpg
MSI B650M GAMING WIFI,,AM5,Micro ATX,96,2,Silver / Black,https://cdna.pcpartpicker.com/static/forever/images/product/ff33ebb87ed9f5fa5f9c54d6d316ae82.256p.jpg
ASRock B860I WiFi,159.99,LGA1851,Mini ITX,128,2,Black,https://cdna.pcpartpicker.com/static/forever/images/product/ff33ebb87ed9f5fa5f9c54d6d316ae82.256p.jpg
Asus TUF GAMING B650-PLUS,159.99,AM5,ATX,128,4,Black / Orange,https://cdna.pcpartpicker.com/static/forever/images/product/d9e08ab3fe18574bdc4f01dcfecce0ea.256p.jpg
Gigabyte GA-B250M-DS3H,203.44,LGA1151,Micro ATX,64,4,Black / Gold,https://cdna.pcpartpicker.com/static/forever/images/product/d3a0054902d36d38a60d09d83698d7c8.256p.jpg
Gigabyte B650M S2H,147.47,AM5,Micro ATX,96,2,Black / Gray,https://cdna.pcpartpicker.com/static/forever/images/product/d3a0054902d36d38a60d09d83698d7c8.256p.jpg
MSI B550M PRO-VDH,153.09,AM4,Micro ATX,128,4,Black,https://cdna.pcpartpicker.com/static/forever/images/product/57b4a5399dc626e9c5786f786aeb94ac.256p.jpg
ASRock B450M Steel Legend,92.67,AM4,Micro ATX,64,4,Black / White,https://cdna.pcpartpicker.com/static/forever/images/product/e114446516cb565272b30e82624774be.256p.jpg
MSI MAG Z790 TOMAHAWK MAX WIFI,248.43,LGA1700,ATX,192,4,Black / Yellow,https://cdna.pcpartpicker.com/static/forever/images/product/ff33ebb87ed9f5fa5f9c54d6d316ae82.256p.jpg
ASRock B850 Pro-A WiFi,177.99,AM5,ATX,256,4,Black / Silver,https://cdna.pcpartpicker.com/static/forever/images/product/ff33ebb87ed9f5fa5f9c54d6d316ae82.256p.jpg
NZXT N9 X870E,459.99,AM5,ATX,192,4,White,https://cdna.pcpartpicker.com/static/forever/images/product/1e1c3a84fdb8ea01eec98abd4c40d5d8.256p.jpg
ASRock B850M Pro RS,149.99,AM5,Micro ATX,256,4,Silver / Black,https://m.media-amazon.com/images/I/41Eyw5EG+4L.jpg
Asus B650E MAX GAMING WIFI,169.99,AM5,ATX,192,4,Black / Silver,https://cdna.pcpartpicker.com/static/forever/images/product/233f7973b2f73df3b3273091792a871d.256p.jpg
MSI Z390-A PRO,236.99,LGA1151,ATX,128,4,Brown / Black,https://cdna.pcpartpicker.com/static/forever/images/product/65d2e2e1dd6c41fe051500c6d88ffe0c.256p.jpg
Asus TUF GAMING B850-BTF WIFI W,279.99,AM5,ATX,256,4,White / Silver,https://cdna.pcpartpicker.com/static/forever/images/product/ff33ebb87ed9f5fa5f9c54d6d316ae82.256p.jpg
