name,image
Thermalright Peerless Assassin 120 SE 66.17 CFM CPU Cooler (PA120 SE-D3),https://m.media-amazon.com/images/I/41hFTmi5aUL.jpg
ARCTIC Liquid Freezer III Pro 360 77 CFM Liquid CPU Cooler (ACFRE00180A),https://cdna.pcpartpicker.com/static/forever/images/product/a0b2a92bb4ec2c95b5e492c9513b2c0b.256p.jpg
Cooler Master Hyper 212 Black Edition 42 CFM CPU Cooler (RR-212S-20PK-R1),https://cdna.pcpartpicker.com/static/forever/images/product/716d4c601ae190184020710e098e7b36.256p.jpg
Thermalright Aqua Elite V3 66.17 CFM Liquid CPU Cooler (Aqua Elite 360 Black V3),https://m.media-amazon.com/images/I/318f4Q17BeL.jpg
Corsair NAUTILUS 360 RS ARGB 74.37 CFM Liquid CPU Cooler (CW-9060093-WW),https://cdna.pcpartpicker.com/static/forever/images/product/3dfb3eca3bd8bf176490b7955ae6345c.256p.jpg
ARCTIC Liquid Freezer III Pro A-RGB 360 77 CFM Liquid CPU Cooler (ACFRE00184A),https://cdna.pcpartpicker.com/static/forever/images/product/4b3cb378557216401dabfeb2bb0719e1.256p.jpg
Thermalright Phantom Spirit 120 SE ARGB 66.17 CFM CPU Cooler (PS120SE ARGB),https://m.media-amazon.com/images/I/51KizlEeQZL.jpg
Thermalright Assassin X 120 Refined SE 66.17 CFM CPU Cooler (AX120 SE-D3),https://m.media-amazon.com/images/I/41aJwdGRuAL.jpg
ARCTIC Liquid Freezer III Pro A-RGB 360 77 CFM Liquid CPU Cooler (ACFRE00188A),https://cdna.pcpartpicker.com/static/forever/images/product/1288d1aa8f62f15d8ff05f28a8575a93.256p.jpg
Noctua NH-D15 chromax.black 82.52 CFM CPU Cooler (NH-D15 CHROMAX.BLACK),https://m.media-amazon.com/images/I/51kgqhkUNuL.jpg
be quiet! Dark Rock Pro 5 CPU Cooler (BK036),https://cdna.pcpartpicker.com/static/forever/images/product/a0191a4cb06d0077eab9a260cc759c8b.256p.jpg
Thermalright Aqua Elite V3 66.17 CFM Liquid CPU Cooler (Aqua Elite 240 Black V3),https://m.media-amazon.com/images/I/41pZVxhhiWL.jpg
ARCTIC Liquid Freezer III Pro 77 CFM Liquid CPU Cooler (ACFRE00178A),https://cdna.pcpartpicker.com/static/forever/images/product/8c1a0efcef96c3455d3ecd2bdc4a4fa7.256p.jpg
Corsair NAUTILUS 360 RS ARGB 74.37 CFM Liquid CPU Cooler (CW-9060095-WW),https://cdna.pcpartpicker.com/static/forever/images/product/ca7982eafd093cfb1d47f3b2887db528.256p.jpg
Noctua NH-D15 82.5 CFM CPU Cooler (NH-D15),https://cdna.pcpartpicker.com/static/forever/images/product/ca16d42d3e187f96c728c09183df14a7.med.256p.jpg
Thermalright Phantom Spirit 120 SE 66.17 CFM CPU Cooler (PS120SE),https://m.media-amazon.com/images/I/51kJe8EOqjL.jpg
Corsair iCUE LINK TITAN 360 RX LCD 73.5 CFM Liquid CPU Cooler (CW-9061023-WW),https://cdna.pcpartpicker.com/static/forever/images/product/34813b9b3153ddbea54e46dfe496930e.256p.jpg
NZXT Kraken 240 78.02 CFM Liquid CPU Cooler (RL-KN240-B1),https://cdna.pcpartpicker.com/static/forever/images/product/157afeba59d05304fe181106745e6177.256p.jpg
ARCTIC Freezer 36 CPU Cooler (ACFRE00123A),https://m.media-amazon.com/images/I/41LLTGkmTRL.jpg
Cooler Master Hyper 212 Spectrum V3 71.93 CFM CPU Cooler (RR-S4NA-17PA-R1),https://cdna.pcpartpicker.com/static/forever/images/product/99c2387300d7c25362407dbfeef14536.256p.jpg
AMD Wraith Prism 2800 CFM CPU Cooler (199-999888),https://cdna.pcpartpicker.com/static/forever/images/product/00979205bfe0f63cf50f396392775b9f.256p.jpg
NZXT Kraken Elite 360 RGB (2024) 75.12 CFM Liquid CPU Cooler (RL-KR36E-W2),https://cdna.pcpartpicker.com/static/forever/images/product/87647223e3478a0264b523d38ec982e1.256p.jpg
Thermalright Peerless Assassin 120 SE WHITE ARGB 66.17 CFM CPU Cooler (PA120 SE White ARGB),https://cdna.pcpartpicker.com/static/forever/images/product/c09b33bf4c2452bbc71fac7691860f4a.256p.jpg
ID-COOLING SE-214-XT ARGB 68.2 CFM CPU Cooler (SE-214-XT ARGB),https://m.media-amazon.com/images/I/5130uHBNUnL.jpg
Cooler Master MasterLiquid 360L Core ARGB Liquid CPU Cooler (MLW-D36M-A18PZ-R1),https://cdna.pcpartpicker.com/static/forever/images/product/17af431eeae6b8cc280717a7f3bf3da3.256p.jpg
Thermalright Phantom Spirit EVO 69 CFM CPU Cooler (Phantom Spirit 120 EVO),https://cdna.pcpartpicker.com/static/forever/images/product/df16c34a7f230bb2f6848cd90c87e0fb.256p.jpg
NZXT Kraken 360 RGB 78.02 CFM Liquid CPU Cooler (RL-KR360-B1),https://cdna.pcpartpicker.com/static/forever/images/product/da52d72313deb270a5397a87703991d0.256p.jpg
Thermalright Peerless Assassin 120 SE ARGB 66.17 CFM CPU Cooler (PA 120 SE ARGB),https://cdna.pcpartpicker.com/static/forever/images/product/1e057960fccae4328fbdc13bb45bf42c.256p.jpg
NZXT Kraken 360 78.02 CFM Liquid CPU Cooler (RL-KN360-B1),https://cdna.pcpartpicker.com/static/forever/images/product/e71bea262e634ec0decd5847c6e4d0a1.256p.jpg
Noctua NH-L9A-AM5 33.84 CFM CPU Cooler (NH-L9A-AM5),https://cdna.pcpartpicker.com/static/forever/images/product/e34aa9b26728023fbd3919e021729b44.256p.jpg
Noctua NH-L9x65 chromax.black 33.84 CFM CPU Cooler (NH-L9x65 chromax.black),https://cdna.pcpartpicker.com/static/forever/images/product/6082032e0eb29f8eed91a12a4f976321.256p.jpg
MSI MAG CORELIQUID A13 62.6 CFM Liquid CPU Cooler (MAG CORELIQUID A13 360),https://cdna.pcpartpicker.com/static/forever/images/product/94534ff5409f98708d38cc1b06d0adf7.256p.jpg
Lian Li Hydroshift LCD 360S 73.14 CFM Liquid CPU Cooler (HSLCD36SW),https://cdna.pcpartpicker.com/static/forever/images/product/47f6e66e2ffc069e7958649020d76c4c.256p.jpg
MSI MPG CORELIQUID D360 77.4 CFM Liquid CPU Cooler (MPG CORELIQUID D360),https://cdna.pcpartpicker.com/static/forever/images/product/03f3e1f6276abc7095487e641a775454.256p.jpg
Thermalright Aqua Elite V3 66.17 CFM Liquid CPU Cooler (Aqua Elite 360 White V3),https://m.media-amazon.com/images/I/31dtrhu3x8L.jpg
Lian Li Galahad II Trinity SL-INF 61.3 CFM Liquid CPU Cooler (GA2T36INB),https://cdna.pcpartpicker.com/static/forever/images/product/9a5bcf4f476d82ad6aff9287d2cb0b3a.256p.jpg
Cooler Master Hyper 212 RGB Black Edition 57.3 CFM CPU Cooler (RR-212S-20PC-R1),https://cdna.pcpartpicker.com/static/forever/images/product/16dca5ad82a279a9232b0cbcb6ed71bf.256p.jpg
Corsair NAUTILUS 240 RS ARGB 74.37 CFM Liquid CPU Cooler (CW-9060092-WW),https://cdna.pcpartpicker.com/static/forever/images/product/99d2124a37493f5a3bfe1b442e32e4de.256p.jpg
TRYX PANORAMA SE ARGB 66.09 CFM Liquid CPU Cooler (L-P360L-AM3M-G0K),https://cdna.pcpartpicker.com/static/forever/images/product/4396205566edcb98b328393b5a6e8c12.256p.jpg
ID-COOLING FROZN A620 PRO SE 58 CFM CPU Cooler (FROZN A620 PRO SE),https://cdna.pcpartpicker.com/static/forever/images/product/c4c978ad9ecf59156eab170fbfbabe21.256p.jpg
Fractal Design Celsius+ S36 Prisma PWM ARGB 85.71 CFM Liquid CPU Cooler (FD-W-2-S3602),https://cdna.pcpartpicker.com/static/forever/images/product/1ae9b0d35fc86b81d0b5d748ef46eb0f.256p.jpg
Corsair iCUE LINK TITAN 360 RX LCD 73.5 CFM Liquid CPU Cooler (CW-9061026-WW),https://cdna.pcpartpicker.com/static/forever/images/product/f06b7a0e60de10e6d1be7bbc0e98d299.256p.jpg
Asus ROG Ryujin III 360 ARGB Extreme 89.73 CFM Liquid CPU Cooler (90RC0131-M0EAY0),https://cdna.pcpartpicker.com/static/forever/images/product/39b44057eccd6eb120ce03241efb9758.256p.jpg
be quiet! Pure Rock 3 59.6 CFM CPU Cooler (BK039),https://cdna.pcpartpicker.com/static/forever/images/product/0c15d5db66e04ad50dd39228ced3a511.256p.jpg
Noctua NH-L9A-AM5 CHROMAX.BLACK 33.84 CFM CPU Cooler (NH-L9A-AM5 CHROMAX.BLACK),https://cdna.pcpartpicker.com/static/forever/images/product/7da2ce71b33904d0f379f9398d4515d7.256p.jpg
Corsair NAUTILUS 360 RS 74.37 CFM Liquid CPU Cooler (CW-9060089-WW),https://cdna.pcpartpicker.com/static/forever/images/product/064aaf809c733638ac91fac1bc46dc00.256p.jpg
be quiet! Pure Rock Pro 3 59.6 CFM CPU Cooler (BK042),https://cdna.pcpartpicker.com/static/forever/images/product/adc1a4087a4dd593fe49b79e6373bfd4.256p.jpg
TRYX PANORAMA SE ARGB 66.09 CFM Liquid CPU Cooler (L-P360L-AM3M-G0W),https://cdna.pcpartpicker.com/static/forever/images/product/15c1e29ddca56341b5ae08d55bd43b89.256p.jpg
Cooler Master MasterLiquid 240L Core ARGB Liquid CPU Cooler (MLW-D24M-A18PZ-R1),https://cdna.pcpartpicker.com/static/forever/images/product/6bda3e4685a8a28b5cd9d04ef76eb46b.256p.jpg
Thermalright Frozen Notte ARGB 72.37 CFM Liquid CPU Cooler (Frozen Notte 360 BLACK ARGB-D1),https://cdna.pcpartpicker.com/static/forever/images/product/315dec7805c5f01538f5748620fddffa.256p.jpg
Corsair iCUE LINK TITAN 360 RX RGB 73.5 CFM Liquid CPU Cooler (CW-9061018-WW),https://cdna.pcpartpicker.com/static/forever/images/product/6254fe41ae3b29682baddb5bc3088cab.256p.jpg
Lian Li Hydroshift LCD 360S 73.14 CFM Liquid CPU Cooler (HSLCD36SB),https://cdna.pcpartpicker.com/static/forever/images/product/8b28f665714d824f67a7201bc8a22500.256p.jpg
ID-COOLING SE-903-XT 45.8 CFM CPU Cooler (SE-903-XT BLACK),https://cdna.pcpartpicker.com/static/forever/images/product/6d5bb0572a7037396468750e4aa5e25a.256p.jpg
ARCTIC Liquid Freezer III Pro 110 CFM Liquid CPU Cooler (ACFRE00181A),https://m.media-amazon.com/images/I/31PUCe1FXnL.jpg
Asus ROG Ryuo IV SLC 360 ARGB 71.44 CFM Liquid CPU Cooler (90RC0151-B0EAY0),https://cdna.pcpartpicker.com/static/forever/images/product/ea53c568adee3b4cfd95df87cd04c30b.256p.jpg
Thermalright Phantom Spirit 120 SE 66.17 CFM CPU Cooler (PS120SE Black),https://cdna.pcpartpicker.com/static/forever/images/product/794ec9c0aa5dda6f170f3e442d992606.256p.jpg
NZXT Kraken Elite 360 (2024) 73.47 CFM Liquid CPU Cooler (RL-KN36E-B2),https://cdna.pcpartpicker.com/static/forever/images/product/fd99aab7f118f143c3e5fb3ffbe7634c.256p.jpg
NZXT Kraken 240 RGB 78.02 CFM Liquid CPU Cooler (RL-KR240-W1),https://cdna.pcpartpicker.com/static/forever/images/product/ebd0dcafaf707dc2d772c44585ea8e10.256p.jpg
Thermalright Assassin Spirit 120 EVO DARK 70.4 CFM CPU Cooler (AS120 EVO DARK D6-DE),https://m.media-amazon.com/images/I/41e3ob6-J3L.jpg
Thermalright Frozen Infinity 360 ARGB 68.9 CFM Liquid CPU Cooler (Frozen Infinity 360 WHITE),https://m.media-amazon.com/images/I/41m0Oop3ddL.jpg
Thermalright Assassin X 120 R Digital ARGB 70.84 CFM CPU Cooler (Assassin X 120 R Digital ARGB BLACK),https://m.media-amazon.com/images/I/41-Cw6pz6eL.jpg
Thermalright AXP90-X47 42.58 CFM CPU Cooler (AXP90-X47 BLACK),https://m.media-amazon.com/images/I/41vcBqu9GoS.jpg
Noctua NH-D15 G2 91.58 CFM CPU Cooler (NH-D15 G2),https://cdna.pcpartpicker.com/static/forever/images/product/842c59679e64a6502bd922204c4d8a24.256p.jpg
Lian Li Hydroshift II LCD-C TL 90.1 CFM Liquid CPU Cooler (GHS2LCD36TB),https://cdna.pcpartpicker.com/static/forever/images/product/f4baa809d4e22a84a737996b649c6083.256p.jpg
Noctua NH-D9L 46.44 CFM CPU Cooler (NH-D9L),https://cdna.pcpartpicker.com/static/forever/images/product/64d63da64b2f8be28775078a8f8d550a.256p.jpg
Deepcool AK400 66.47 CFM CPU Cooler (R-AK400-BKNNMN-G-1),https://cdna.pcpartpicker.com/static/forever/images/product/f11e54d5a812379d28e34bc51143332b.256p.jpg
Thermalright AQUA ELITE ARGB V4 66.17 CFM Liquid CPU Cooler (AQUA ELITE 360 ARGB V4),https://m.media-amazon.com/images/I/31q+8WFRGXL.jpg
Noctua NH-U12A chromax.black 60.09 CFM CPU Cooler (NH-U12A chromax.black),https://cdna.pcpartpicker.com/static/forever/images/product/3a24ca834f2b252f719640f8b8448b6c.256p.jpg
Thermalright Assassin Spirit 120 EVO 68.9 CFM CPU Cooler (AS120 EVO),https://m.media-amazon.com/images/I/41595fJKAOL.jpg
NZXT Kraken Elite RGB (2025) 98.61 CFM Liquid CPU Cooler (RL-KR42E-B2),https://cdna.pcpartpicker.com/static/forever/images/product/352d14da4f6e847989132472aa4dc95f.256p.jpg
Thermalright AXP90-X36 42.58 CFM CPU Cooler (AXP90-X36),https://m.media-amazon.com/images/I/41Hsrx24RFL.jpg
Cooler Master Hyper 212 Pro 70.7 CFM CPU Cooler (RR-212S-25PZ-R1),https://m.media-amazon.com/images/I/41OSDfNYM6L.jpg
Lian Li Hydroshift II LCD-C TL 90.1 CFM Liquid CPU Cooler (GHS2LCD36TW),https://cdna.pcpartpicker.com/static/forever/images/product/16683cbcca9f17747a47760100f78d94.256p.jpg
ID-COOLING SE-214-XT ARGB 68.2 CFM CPU Cooler (SE-214-XT ARGB WHITE),https://m.media-amazon.com/images/I/51bTXt-wzEL.jpg
ID-COOLING FROZN A410 BLACK 78.25 CFM CPU Cooler (FROZN A410 BLACK),https://m.media-amazon.com/images/I/41U7+6OZpVL.jpg
Noctua NH-D15S chromax.black 82.51 CFM CPU Cooler (NH-D15S chromax.black),https://m.media-amazon.com/images/I/51wsVDm2ONL.jpg
ARCTIC Alpine 23 CPU Cooler (ACALP00035A),https://cdna.pcpartpicker.com/static/forever/images/product/3f4e2db365667ee5ddbdb82520762e25.256p.jpg
MSI MAG CORELIQUID A13 62.6 CFM Liquid CPU Cooler (MAG CORELIQUID A13 240),https://cdna.pcpartpicker.com/static/forever/images/product/09d0a7acefcd3455ed55679297421d01.256p.jpg
Corsair NAUTILUS 360 RS LCD 72.8 CFM Liquid CPU Cooler (CW-9061033-WW),https://cdna.pcpartpicker.com/static/forever/images/product/6f29e592f8d32dc9571c6b5f8965a5cb.256p.jpg
Lian Li Galahad II Trinity SL-INF 61.3 CFM Liquid CPU Cooler (GA2T36INW),https://cdna.pcpartpicker.com/static/forever/images/product/9c7907d33c5225ac4fa747fcc1157ec4.256p.jpg
Noctua NH-U12S chromax.black 55 CFM CPU Cooler (NH-U12S chromax.black),https://cdna.pcpartpicker.com/static/forever/images/product/03d2c7690b9a62e9131a8514ea3c0dfa.256p.jpg
Corsair iCUE LINK H100i RGB 63.1 CFM Liquid CPU Cooler (CW-9061001-WW),https://cdna.pcpartpicker.com/static/forever/images/product/0c018b979ff6fbae25436e7e64c5a140.256p.jpg
Thermalright Assassin X Refined SE ARGB CPU Cooler (AX120R SE ARGB D6-CAD),https://m.media-amazon.com/images/I/41NnYMvz2hL.jpg
be quiet! Silent Loop 3 76.7 CFM Liquid CPU Cooler (BW025),https://cdna.pcpartpicker.com/static/forever/images/product/8a277ab7166d97b45d51dcd463ebdf05.256p.jpg
MSI MAG CORELIQUID A15 64.89 CFM Liquid CPU Cooler (MAG CORELIQUID A15 360),https://cdna.pcpartpicker.com/static/forever/images/product/d3425a4b595bab2520fe7b1f3aeac78e.256p.jpg
Intel E97379-001 CPU Cooler (E97379-001),https://cdna.pcpartpicker.com/static/forever/images/product/dbeab7d9b737c8904b1b75679b3db3a6.256p.jpg
be quiet! Pure Rock Slim 2 CPU Cooler (BK030),https://cdna.pcpartpicker.com/static/forever/images/product/98bb44b33e99e3c03b12d76609433d62.256p.jpg
ARCTIC Liquid Freezer III Pro 110 CFM Liquid CPU Cooler (ACFRE00179A),https://cdna.pcpartpicker.com/static/forever/images/product/e04055d053782012caa3bc582c97080c.256p.jpg
Thermalright Frozen Notte ARGB 72.37 CFM Liquid CPU Cooler (Frozen Notte 240 WHITE ARGB),https://m.media-amazon.com/images/I/41wSywn6EZL.jpg
MSI MAG CORELIQUID A13 62.6 CFM Liquid CPU Cooler (MAG CORELIQUID A13 360 WHITE),https://cdna.pcpartpicker.com/static/forever/images/product/12e1ee4e48c9e1e452ce3c699a45e0df.256p.jpg
be quiet! Dark Rock 5 93.5 CFM CPU Cooler (BK035),https://cdna.pcpartpicker.com/static/forever/images/product/7b7e8cf40e763260dde7362ecc53ce5c.256p.jpg
Noctua NH-L12S 55.44 CFM CPU Cooler (NH-L12S),https://cdna.pcpartpicker.com/static/forever/images/product/3ef69f2637de8bfe3600a2298437ff83.256p.jpg
Thermalright Peerless Assassin 120 White 66.17 CFM CPU Cooler (PA120 White),https://m.media-amazon.com/images/I/41Zo8GoB2GS.jpg
Thermalright Frozen Infinity 360 ARGB 68.9 CFM Liquid CPU Cooler (Frozen Infinity 360 BLACK),https://m.media-amazon.com/images/I/41vk2A72I3L.jpg
NZXT Kraken Elite 360 RGB 78.02 CFM Liquid CPU Cooler (RL-KR36E-W1),https://cdna.pcpartpicker.com/static/forever/images/product/49ed312d967c71e5bf866285deee9f9c.256p.jpg
TRYX PANORAMA ARGB (2025) 65.64 CFM Liquid CPU Cooler (L-P360A-AS3M-G1K),https://cdna.pcpartpicker.com/static/forever/images/product/de672a3cd34e1068797bc0899a99697c.256p.jpg
Iceberg Thermal IceFLOE T95 41 CFM CPU Cooler (ICEFLOE95-00A),https://cdna.pcpartpicker.com/static/forever/images/product/c8eca1f7fd81d05f9713cb8727ad2611.256p.jpg
Cooler Master MASTERLIQUID ML240L RGB V2 65.59 CFM Liquid CPU Cooler (MLW-D24M-A18PC-R2),https://cdna.pcpartpicker.com/static/forever/images/product/5b6a5e7f4cf456ccf6415235cf7adc99.256p.jpg
Corsair iCUE LINK TITAN 360 RX RGB 73.5 CFM Liquid CPU Cooler (CW-9061021-WW),https://cdna.pcpartpicker.com/static/forever/images/product/bf57ec1c78268eeca06e65fc5d0c8f94.256p.jpg
Deepcool AK620 ZERO DARK 68.99 CFM CPU Cooler (R-AK620-BKNNMT-G-1),https://cdna.pcpartpicker.com/static/forever/images/product/048ee8d7e1ab67674cc0aac0e4e0e281.256p.jpg
Corsair iCUE H150i ELITE LCD XT 65.57 CFM Liquid CPU Cooler (CW-9060075-WW),https://cdna.pcpartpicker.com/static/forever/images/product/3ec80850afc7392a6dad4b82ef95c424.256p.jpg
Thermalright AXP90-X47 42.58 CFM CPU Cooler (AXP90-X47 FULL),https://m.media-amazon.com/images/I/51HeMe5HJmL.jpg
ARCTIC Freezer 36 A-RGB CPU Cooler (ACFRE00124A),https://m.media-amazon.com/images/I/41rBrq-tRNL.jpg
NZXT Kraken Elite 360 RGB (2024) 75.12 CFM Liquid CPU Cooler (RL-KR36E-B2),https://cdna.pcpartpicker.com/static/forever/images/product/3a6430ace600ed4d31970cfdc2bb856e.256p.jpg
NZXT Kraken 240 RGB 78.02 CFM Liquid CPU Cooler (RL-KR240-B1),https://cdna.pcpartpicker.com/static/forever/images/product/038ec9aa1fddbeb6cd45c91348943127.256p.jpg
Thermalright Peerless Assassin 140 77.8 CFM CPU Cooler (Peerless Assassin 140 BLACK),https://m.media-amazon.com/images/I/4153NLVrhgL.jpg
Montech HyperFlow ARGB 360 76.2 CFM Liquid CPU Cooler (HyperFlow ARGB 360 Black),https://m.media-amazon.com/images/I/316Ls7d-JxL.jpg
Thermalright Assassin X 120 R Digital ARGB 70.84 CFM CPU Cooler (Assassin X 120 R Digital ARGB WHITE),https://m.media-amazon.com/images/I/41Sucqk+44L.jpg
NZXT Kraken 280 99.68 CFM Liquid CPU Cooler (RL-KN280-B1),https://cdna.pcpartpicker.com/static/forever/images/product/84128080e04ff1cff81741225c168af0.256p.jpg
Noctua NH-L9i chromax.black 33.84 CFM CPU Cooler (NH-L9i chromax.black),https://m.media-amazon.com/images/I/416XnVk8INL.jpg
ID-COOLING FROZN A410 SE 55.2 CFM CPU Cooler (FROZN A410 SE),https://m.media-amazon.com/images/I/41vFDvhSK9L.jpg
ARCTIC Liquid Freezer III 240 56.3 CFM Liquid CPU Cooler (ACFRE00134A),https://cdna.pcpartpicker.com/static/forever/images/product/2fc6853c4556dfb16bb10580c1a9cbb1.256p.jpg
NZXT Kraken Z73 73.11 CFM Liquid CPU Cooler (RL-KRZ73-01),https://cdna.pcpartpicker.com/static/forever/images/product/26b8fd4167a7e43f82d73cae4c26d565.256p.jpg
be quiet! Dark Rock Pro 4 50.5 CFM CPU Cooler (BK022),https://cdna.pcpartpicker.com/static/forever/images/product/8ab57dc3c0eb346c72ef7a2405e31227.256p.jpg
Corsair NAUTILUS 240 RS 74.37 CFM Liquid CPU Cooler (CW-9060088-WW),https://cdna.pcpartpicker.com/static/forever/images/product/07f1acadd4e0bf87d1cb0a12b02cbd3c.256p.jpg
Asus ROG STRIX LC 360 RGB White Edition 80.95 CFM Liquid CPU Cooler (ROG STRIX LC 360 RGB White),https://m.media-amazon.com/images/I/41eL2uyqecL.jpg
Lian Li Galahad II LCD SL-INF 79.9 CFM Liquid CPU Cooler (GA2ALCD36INB),https://cdna.pcpartpicker.com/static/forever/images/product/7e5f1ff46cd314f69c520bbbc8470f10.256p.jpg
Noctua NH-U12A 60.09 CFM CPU Cooler (nh-u12a),https://m.media-amazon.com/images/I/51Wo8vtn8kL.jpg
Noctua NH-U9S chromax.black 46.4 CFM CPU Cooler (NH-U9S chromax.black),https://m.media-amazon.com/images/I/41-qe4lyyXL.jpg
Corsair iCUE H150i ELITE CAPELLIX 75 CFM Liquid CPU Cooler (CW-9060048-WW),https://cdna.pcpartpicker.com/static/forever/images/product/c0affd65cd6738bf7da40dc7bfc85c44.256p.jpg
Lian Li Galahad II Lite RGB 79 CFM Liquid CPU Cooler (GA2L36RB),https://cdna.pcpartpicker.com/static/forever/images/product/74eb06f2fb382fa0fc5f3476f8d8d039.256p.jpg
Phanteks Glacier One 360M25 G2 72.72 CFM Liquid CPU Cooler (PH-GO360M25G2_DBK02),https://cdna.pcpartpicker.com/static/forever/images/product/58e79aa0d42de3fd917314764b33db33.256p.jpg
TRYX PANORAMA ARGB (2025) 65.64 CFM Liquid CPU Cooler (L-P360A-AS3M-G1W),https://cdna.pcpartpicker.com/static/forever/images/product/ef79a48a8d4a7cf930a8040c72da25e3.256p.jpg
Thermalright Assassin King SE ARGB 66.17 CFM CPU Cooler (AK120 SE WHITE ARGB-D6-2),https://m.media-amazon.com/images/I/41oLozsjh1L.jpg
Asus ROG Ryujin III ARGB Extreme 89.73 CFM Liquid CPU Cooler (90RC0132-M0AAY0),https://cdna.pcpartpicker.com/static/forever/images/product/aee12c51f52cb48a4bfda05ed02d8be2.256p.jpg
Thermalright Assassin X SE 32.77 CFM CPU Cooler (AX90SE V2),https://m.media-amazon.com/images/I/41aQSKl8SfL.jpg
Thermalright Peerless Assassin 120 Digital ARGB 88.89 CFM CPU Cooler (Peerless Assassin 120 Digital ARGB BLACK),https://m.media-amazon.com/images/I/41ll68q+7oL.jpg
Corsair iCUE LINK H150i LCD 63.1 CFM Liquid CPU Cooler (CW-9061010-WW),https://cdna.pcpartpicker.com/static/forever/images/product/0ad0f6d02af617a5087c95a74b0313b8.256p.jpg
Thermalright Peerless Assassin 120 Black 66.17 CFM CPU Cooler (PA120 Black),https://m.media-amazon.com/images/I/41TOck4ZY5L.jpg
be quiet! Silent Loop 3 78.4 CFM Liquid CPU Cooler (BW026),https://cdna.pcpartpicker.com/static/forever/images/product/db396e34666ddd8c969793de517feb28.256p.jpg
Thermalright AXP90-X53 FULL 42.58 CFM CPU Cooler (AXP90-X53 FULL),https://m.media-amazon.com/images/I/41RS5iHAKsL.jpg
Thermalright Aqua Elite V3 66.17 CFM Liquid CPU Cooler (Aqua Elite 240 White V3),https://m.media-amazon.com/images/I/41ATdoCgaJL.jpg
Corsair H100i RGB PLATINUM 75 CFM Liquid CPU Cooler (CW-9060039-WW),https://cdna.pcpartpicker.com/static/forever/images/product/623066a73a9f4feafdea3ae659f80705.256p.jpg
Cooler Master Hyper 212 (2023) 70.7 CFM CPU Cooler (RR-S4KK-25SN-R1),https://cdna.pcpartpicker.com/static/forever/images/product/3019d492bb40655131e966a12433e19c.256p.jpg
NZXT Kraken Plus 360 73.47 CFM Liquid CPU Cooler (RL-KN360-B2),https://cdna.pcpartpicker.com/static/forever/images/product/9164251fa8f9916115a9d995362124a2.256p.jpg
Thermalright Frozen Warframe ARGB 70.84 CFM Liquid CPU Cooler (Frozen Warframe 360 BLACK ARGB),https://cdna.pcpartpicker.com/static/forever/images/product/94d02a029c5cc15e833556f333836b67.256p.jpg
Noctua NH-L9i 33.84 CFM CPU Cooler (NH-L9i),https://cdna.pcpartpicker.com/static/forever/images/product/9b24fe106eb3486a02a70f67030cb012.256p.jpg
Noctua NH-U12S redux 70.75 CFM CPU Cooler (NH-U12S redux),https://cdna.pcpartpicker.com/static/forever/images/product/b8721c74d96c94c4b3dfb8c97a7aaae1.256p.jpg
Thermalright Peerless Assassin 120 SE V3 70.84 CFM CPU Cooler (PA120SE V3),https://m.media-amazon.com/images/I/41FtwyZWlSL.jpg
Noctua NH-D15 G2 LBC 91.58 CFM CPU Cooler (NH-D15 G2 LBC),https://cdna.pcpartpicker.com/static/forever/images/product/4fb7951d92c873fa55c5198c65ad03b6.256p.jpg
ARCTIC Liquid Freezer III 240 A-RGB 48.82 CFM Liquid CPU Cooler (ACFRE00150A),https://cdna.pcpartpicker.com/static/forever/images/product/790e8c1c5d6ac9554dbae1b88ab9d30e.256p.jpg
Deepcool GAMMAXX AG400 ARGB 75.89 CFM CPU Cooler (R-AG400-BKANMC-G-2),https://cdna.pcpartpicker.com/static/forever/images/product/9464a59a8e91c8203397a01ab96d0ec7.256p.jpg
Thermalright Phantom Spirit 120 66.17 CFM CPU Cooler (PS120),https://cdna.pcpartpicker.com/static/forever/images/product/904cfe2602943f2e7267ea8bcf5c5583.256p.jpg
Thermalright Frozen Notte ARGB 72.37 CFM Liquid CPU Cooler (Frozen Notte 240 BLACK ARGB),https://cdna.pcpartpicker.com/static/forever/images/product/9fb45288b3734e8e9a2e0fec9147e5ee.256p.jpg
NZXT Kraken Elite RGB (2025) 98.61 CFM Liquid CPU Cooler (RL-KR42E-W2),https://cdna.pcpartpicker.com/static/forever/images/product/7d2db1372e1e37dd8321a562be7439d7.256p.jpg
Deepcool AK620 68.99 CFM CPU Cooler (R-AK620-BKNNMT-G),https://cdna.pcpartpicker.com/static/forever/images/product/05c27ddf4caf6b0d585bc03e41b8e7ee.256p.jpg
Razer Hanbo Chroma Liquid CPU Cooler (RC21-01770100-R3M1),https://cdna.pcpartpicker.com/static/forever/images/product/551197ef146855b3fdc9403642420917.256p.jpg
ID-COOLING FX360 INF 58 CFM Liquid CPU Cooler (FX360 INF),https://cdna.pcpartpicker.com/static/forever/images/product/c6a341d6a43c2de90e116f0d52433143.256p.jpg
Thermalright Aqua Elite ARGB V6 70.84 CFM Liquid CPU Cooler (Aqua Elite 360 ARGB BLACK V6),https://m.media-amazon.com/images/I/313zsCasiuL.jpg
ID-COOLING FX360 PRO 82.5 CFM Liquid CPU Cooler (FX360 PRO),
Thermalright Aqua Elite V3 66.17 CFM Liquid CPU Cooler (Aqua Elite 120 V3),https://m.media-amazon.com/images/I/41yi73SmCvL.jpg
Montech HyperFlow Silent 360 72.3 CFM Liquid CPU Cooler (HyperFlow Silent 360 Black),https://m.media-amazon.com/images/I/31Ew1PPR8DL.jpg
ID-COOLING FROZN A720 BLACK 98.6 CFM CPU Cooler (FROZN A720 BLACK),https://m.media-amazon.com/images/I/41rNvDDQC3L.jpg
Cooler Master Hyper 212 EVO 82.9 CFM Sleeve Bearing CPU Cooler (RR-212E-20PK-R2),https://cdna.pcpartpicker.com/static/forever/images/product/ddea57de9797549e80d05fb3acb2e83d.med.256p.jpg
ARCTIC Liquid Freezer III Pro A-RGB 110 CFM Liquid CPU Cooler (ACFRE00185A),https://m.media-amazon.com/images/I/31F21N1WhwL.jpg
Thermalright AXP90-X47 42.58 CFM CPU Cooler (AXP90-X47 WHITE),https://m.media-amazon.com/images/I/41gUehB84XL.jpg
Noctua NH-L9a-AM4 33.84 CFM CPU Cooler (NH-L9a-AM4),https://cdna.pcpartpicker.com/static/forever/images/product/c83b5fd9fdf5b659ec8feba8e1c60568.256p.jpg
NZXT Kraken Plus 360 RGB 75.05 CFM Liquid CPU Cooler (RL-KR360-W2),https://cdna.pcpartpicker.com/static/forever/images/product/93798f5f54c936dd6724c1f32098c564.256p.jpg
ARCTIC Freezer 36 A-RGB CPU Cooler (ACFRE00125A),https://m.media-amazon.com/images/I/41GJYk1X24L.jpg
Thermalright Frozen Prism ARGB 70.4 CFM Liquid CPU Cooler (Frozen Prism 360 BLACK ARGB),https://m.media-amazon.com/images/I/31S44PJIaPL.jpg
Thermalright Peerless Assassin 120 SE 66.17 CFM CPU Cooler (PA120SE BLACK),https://cdna.pcpartpicker.com/static/forever/images/product/3afac8c21d56648a54bd054502c7eae2.256p.jpg
Thermalright Frozen Warframe PRO 70.84 CFM Liquid CPU Cooler (FW PRO 360 BLACK),https://m.media-amazon.com/images/I/311Na1NZ4GL.jpg
Lian Li Hydroshift II LCD-C CL 72 CFM Liquid CPU Cooler (GHS2LCD36RB),https://cdna.pcpartpicker.com/static/forever/images/product/a292a903628796db100dacea50bbd75e.256p.jpg
Lian Li Hydroshift II LCD-S 360 TL 90.1 CFM Liquid CPU Cooler (GHS2LCDS36TB),https://cdna.pcpartpicker.com/static/forever/images/product/6323ee881774ef2c3efc257d098a7567.256p.jpg
Deepcool LE360 V2 75.89 CFM Liquid CPU Cooler (R-LE360-BKAMMC-G-2),https://cdna.pcpartpicker.com/static/forever/images/product/cdf9116808842d19dc032e3a3a4f71fa.256p.jpg
Thermalright Peerless Assassin MINI 66.87 CFM CPU Cooler (Peerless Assassin 120 MINI BLACK),https://cdna.pcpartpicker.com/static/forever/images/product/48b78eb6cee0e3e59099f440048edefa.256p.jpg
Cooler Master Hyper 212 Halo 51.88 CFM CPU Cooler (RR-S4KK-20PA-R1),https://cdna.pcpartpicker.com/static/forever/images/product/240fb0c07a7eecd84ed0582d147ea50a.256p.jpg
Thermalright AXP90-X36 42.58 CFM CPU Cooler (AXP90-X36 BLACK),https://cdna.pcpartpicker.com/static/forever/images/product/8c209209d698a976f762262184c26d74.256p.jpg
Noctua NH-D15 G2 chromax.black 91.58 CFM CPU Cooler (NH-D15 G2 chromax.black),https://cdna.pcpartpicker.com/static/forever/images/product/3cbf3ee92fcdc68aa1049b28ccbdb850.256p.jpg
Asus Prime LC 360 ARGB 75.7 CFM Liquid CPU Cooler (Prime LC 360 ARGB),https://cdna.pcpartpicker.com/static/forever/images/product/3eb22b5faebddcd9dfe5f8e5913ffa68.256p.jpg
Corsair NAUTILUS 240 RS ARGB 74.37 CFM Liquid CPU Cooler (CW-9060094-WW),https://cdna.pcpartpicker.com/static/forever/images/product/6162fe10ca888690ae0d2353316556d5.256p.jpg
ID-COOLING IS-55 Black 54.6 CFM CPU Cooler (IS-55 Black),https://m.media-amazon.com/images/I/414PpcxZBfL.jpg
Thermaltake Gravity i2 31.34 CFM CPU Cooler (CLP0556-D),https://m.media-amazon.com/images/I/51r8krEyBZL.jpg
ID-COOLING FX240 PRO 82.5 CFM Liquid CPU Cooler (FX240 PRO),https://cdna.pcpartpicker.com/static/forever/images/product/1a1f3fcaa2d06c6f0dbe07b5e2bbf809.256p.jpg
Cooler Master MasterLiquid ML360R RGB 66.7 CFM Liquid CPU Cooler (MLX-D36M-A20PC-R1),https://cdna.pcpartpicker.com/static/forever/images/product/04a17d23df03ba214c03198242eed6e9.256p.jpg
be quiet! Dark Rock Elite CPU Cooler (BK037),https://cdna.pcpartpicker.com/static/forever/images/product/dc3b736cb12f53d2b02b8fd652f3172f.256p.jpg
ID-COOLING FROSTFLOW X 74.5 CFM Liquid CPU Cooler (FROSTFLOW X 240 SNOW),https://m.media-amazon.com/images/I/31MEpJBHH+L.jpg
be quiet! Pure Rock Pro 3 LX 61.8 CFM CPU Cooler (BK043),https://cdna.pcpartpicker.com/static/forever/images/product/f8e58ac8b629760758480d7cc22ad020.256p.jpg
NZXT Kraken 120 73.11 CFM Liquid CPU Cooler (RL-KR120-B1),https://cdna.pcpartpicker.com/static/forever/images/product/fce03253070b8542ded02ac3bdc3b8f7.256p.jpg
Thermalright Assassin X 90 SE ARGB 32.77 CFM CPU Cooler (AX90SE ARGB),https://m.media-amazon.com/images/I/41KALR4jf0L.jpg
Gigabyte AORUS WATERFORCE II 360 ICE 64.95 CFM Liquid CPU Cooler (AORUS WATERFORCE II 360 ICE),https://cdna.pcpartpicker.com/static/forever/images/product/62ac13b1b303cbb323d815f4fee6fc3f.256p.jpg
be quiet! Pure Loop 2 FX Liquid CPU Cooler (BW015),https://cdna.pcpartpicker.com/static/forever/images/product/4684db93dca8ab922b9b09d0fa90ddf1.256p.jpg
Asus ProArt LC 420 107 CFM Liquid CPU Cooler (ProArt LC 420),https://cdna.pcpartpicker.com/static/forever/images/product/5d83c953ff500cfdee84a1d64c342fc0.256p.jpg
ARCTIC Liquid Freezer III 420 72.8 CFM Liquid CPU Cooler (ACFRE00137A),https://cdna.pcpartpicker.com/static/forever/images/product/8b4c34b830a34ef286b19d1aa70e8d10.256p.jpg
ARCTIC Liquid Freezer III 280 A-RGB 69.9 CFM Liquid CPU Cooler (ACFRE00151A),https://cdna.pcpartpicker.com/static/forever/images/product/8ed355fe9c6060ea33f9d50757e15be1.256p.jpg
Thermalright AXP120-X67 59 CFM CPU Cooler (AXP120-X67 BLACK ARGB),https://m.media-amazon.com/images/I/41OtP6FKlkL.jpg
Deepcool AG400 75.89 CFM CPU Cooler (R-AG400-BKNNMN-G-1),https://cdna.pcpartpicker.com/static/forever/images/product/8542f130e5be0c87e58e7e26be7a2ccd.256p.jpg
Thermalright Assassin X Refined SE 66.17 CFM CPU Cooler (AX120SE WHITE),https://m.media-amazon.com/images/I/41QTQ85tENL.jpg
Cooler Master Hyper 212 Halo 51.88 CFM CPU Cooler (RR-S4WW-20PA-R1),https://cdna.pcpartpicker.com/static/forever/images/product/1ffb7433a49469d3f23aec21d63041d9.256p.jpg
Corsair iCUE LINK TITAN 420 RX RGB 94.7 CFM Liquid CPU Cooler (CW-9061019-WW),https://cdna.pcpartpicker.com/static/forever/images/product/1a4b746e7487de0e26dca5b541e5f192.256p.jpg
EK EK-Nucleus AIO CR360 Lux D-RGB 72 CFM Liquid CPU Cooler (EK-Nucleus AIO CR360 Lux D-RGB),https://cdna.pcpartpicker.com/static/forever/images/product/0fc4606704e57118f24a818149ef0e37.256p.jpg
Vetroo V5 52 CFM CPU Cooler (VT-CPU-V5),https://m.media-amazon.com/images/I/41BSD9358LL.jpg
ARCTIC Liquid Freezer III 240 A-RGB 48.82 CFM Liquid CPU Cooler (ACFRE00142A),https://cdna.pcpartpicker.com/static/forever/images/product/b72e43ad7c61fc45c518beab51250697.256p.jpg
Noctua NH-L9x65 33.84 CFM CPU Cooler (NH-L9x65),https://cdna.pcpartpicker.com/static/forever/images/product/9cd3f5ef165f51314d4205a0ae030ddd.256p.jpg
MSI MAG CORELIQUID A15 64.89 CFM Liquid CPU Cooler (MAG CORELIQUID A15 240),https://cdna.pcpartpicker.com/static/forever/images/product/50686e3bdd9e6168e3c031b2c83d95c2.256p.jpg
Asus ROG RYUO IV 360 ARGB Hatsune Miku Edition 71.44 CFM Liquid CPU Cooler (90RC01P1-B0AAY0),https://cdna.pcpartpicker.com/static/forever/images/product/742a890914d74f64d6f9be0bd363761a.256p.jpg
NZXT Kraken Elite 240 (2024) 73.47 CFM Liquid CPU Cooler (RL-KN24E-B2),https://cdna.pcpartpicker.com/static/forever/images/product/dbf906f66e7770c4049fd4ef7b9014b5.256p.jpg
Thermalright Assassin X Refined SE RGB 66.17 CFM CPU Cooler (AX120 Refined SE ARGB),https://m.media-amazon.com/images/I/41MIJqAl3LL.jpg
be quiet! Pure Rock LP CPU Cooler (BK034),https://cdna.pcpartpicker.com/static/forever/images/product/7023a0631b1f27739ac6d15b4d41d6db.256p.jpg
ARCTIC Freezer 36 CPU Cooler (ACFRE00121A),https://m.media-amazon.com/images/I/41klfemXo4L.jpg
Corsair NAUTILUS 360 RS LCD 72.8 CFM Liquid CPU Cooler (CW-9061034-WW),https://cdna.pcpartpicker.com/static/forever/images/product/36ca16fdeffaaf20d5c5f7646c2fbace.256p.jpg
Thermalright Peerless Assassin 90 SE 32.77 CFM CPU Cooler (PA90 SE BLACK),https://m.media-amazon.com/images/I/51lvME4HoeL.jpg
Corsair iCUE LINK TITAN 240 RX RGB 73.5 CFM Liquid CPU Cooler (CW-9061016-WW),https://cdna.pcpartpicker.com/static/forever/images/product/0b209838f82705f4fd013688affda29d.256p.jpg
Deepcool AK620 DIGITAL 68.99 CFM CPU Cooler (R-AK620-BKADMN-G),https://cdna.pcpartpicker.com/static/forever/images/product/e0f646f05ca57372374cf39b3b34a1c3.256p.jpg
Thermalright Peerless Assassin 140 77.8 CFM CPU Cooler (Peerless Assassin 140 WHITE),https://m.media-amazon.com/images/I/41lWi3Sxr3L.jpg
be quiet! Pure Loop 3 Liquid CPU Cooler (BW029),https://cdna.pcpartpicker.com/static/forever/images/product/e3a2b8cdc55571e5e866b5f882f72597.256p.jpg
MSI MAG CORELIQUID I360 70.7 CFM Liquid CPU Cooler (MAG CORELIQUID I360),https://cdna.pcpartpicker.com/static/forever/images/product/54b4ba5d99e1eaa6217f58b5ab9438f2.256p.jpg
Noctua NH-U9S 46.44 CFM CPU Cooler (NH-U9S),https://cdna.pcpartpicker.com/static/forever/images/product/bc78f36e2f174fd73acf57aeb849cf11.256p.jpg
Thermalright Assassin Spirit 120 EVO WHITE ARGB 70.4 CFM CPU Cooler (AS120 EVO WHITE ARGB),https://m.media-amazon.com/images/I/418jnVU5HoL.jpg
Thermalright RK120 SE 66.17 CFM CPU Cooler (RK120 SE),https://m.media-amazon.com/images/I/41meY1M+qUL.jpg
ARCTIC Liquid Freezer III Pro A-RGB 77 CFM Liquid CPU Cooler (ACFRE00182A),https://cdna.pcpartpicker.com/static/forever/images/product/ea2286afc6edb8039438a3894ea0f8ef.256p.jpg
NZXT Kraken X63 98.17 CFM Liquid CPU Cooler (RL-KRX63-01),https://cdna.pcpartpicker.com/static/forever/images/product/a0f3c73c8cb78b224aef8977bb4b2d96.256p.jpg
Cooler Master MasterLiquid 360 Core II 70.7 CFM Liquid CPU Cooler (MLW-D36M-A18PA-R1),https://m.media-amazon.com/images/I/31e65AB3nUL.jpg
Corsair iCUE LINK H100i RGB 63.1 CFM Liquid CPU Cooler (CW-9061005-WW),https://cdna.pcpartpicker.com/static/forever/images/product/c1db69037915b13276da7179abb41ee2.256p.jpg
Thermalright Burst Assassin 120 SE ARGB 66.17 CFM CPU Cooler (BA120 SE ARGB),https://m.media-amazon.com/images/I/41ASUfTb-ZL.jpg
be quiet! Pure Rock 2 CPU Cooler (BK006),https://cdna.pcpartpicker.com/static/forever/images/product/2cb0b9b4b4bfc72434fc1d2a31477c51.256p.jpg
Corsair H100i v2 70.69 CFM Liquid CPU Cooler (CW-9060025-WW),https://m.media-amazon.com/images/I/41Td5K1NeyL.jpg
Corsair iCUE LINK H150i RGB 63.1 CFM Liquid CPU Cooler (CW-9061003-WW),https://cdna.pcpartpicker.com/static/forever/images/product/72c1f2a5697eedfdede263123f14c050.256p.jpg
Thermalright Wonder Vision 360 UB ARGB 69 CFM Liquid CPU Cooler (WV360 UB ARGB BLACK D6),https://cdna.pcpartpicker.com/static/forever/images/product/670b3c89fa20413440b1f146b64888af.256p.jpg
Noctua NH-L9i-17xx chromax.black 33.84 CFM CPU Cooler (NH-L9i-17xx chromax.black),https://m.media-amazon.com/images/I/41C6DIgbv3L.jpg
Asus ROG STRIX LC III ARGB LCD 70.38 CFM Liquid CPU Cooler (ROG Strix LC III 360 ARGB LCD),https://cdna.pcpartpicker.com/static/forever/images/product/dc929fc76b049622206c670c699db5d6.256p.jpg
Thermalright Frozen Edge 69 CFM Liquid CPU Cooler (FE360 Black),https://m.media-amazon.com/images/I/31ZIajtGDfL.jpg
NZXT Kraken Elite 240 RGB (2024) 75.12 CFM Liquid CPU Cooler (RL-KR24E-W2),https://cdna.pcpartpicker.com/static/forever/images/product/b022f8dac94716cbdada89d59bedd421.256p.jpg
Cooler Master MasterLiquid 360 Atmos 70.7 CFM Liquid CPU Cooler (MLX-D36M-A25PZ-R1),https://cdna.pcpartpicker.com/static/forever/images/product/1f83b39742ea2f6a259c167218439a95.256p.jpg
Thermalright Mjolnir Vision 360 ARGB 69 CFM Liquid CPU Cooler (Mjolnir Vision 360 WHITE ARGB),https://cdna.pcpartpicker.com/static/forever/images/product/6b45c253c865d48306f25297e5ed2e0c.256p.jpg
Noctua NH-U12S 55 CFM CPU Cooler (NH-U12S),https://cdna.pcpartpicker.com/static/forever/images/product/351c9a441cd970d83faee6f581d07f73.med.256p.jpg
Noctua NH-L12Sx77 55.44 CFM CPU Cooler (NH-L12Sx77),https://m.media-amazon.com/images/I/41P-P0nK4yL.jpg
Corsair iCUE LINK H115i RGB 82.5 CFM Liquid CPU Cooler (CW-9061002-WW),https://cdna.pcpartpicker.com/static/forever/images/product/a2bc08997c1a7b6d7ac43fadb8e6e929.256p.jpg
ARCTIC Liquid Freezer III 280 72.8 CFM Liquid CPU Cooler (ACFRE00135A),https://cdna.pcpartpicker.com/static/forever/images/product/8b7c238a1a688b69e07a422b29d8490c.256p.jpg
Thermalright Peerless Assassin 90 SE 32.77 CFM CPU Cooler (PA90 SE WHITE),https://m.media-amazon.com/images/I/41i7fYeoTUL.jpg
Cooler Master MasterLiquid 240 Atmos 70.7 CFM Liquid CPU Cooler (MLX-D24M-A25PZ-R1),https://cdna.pcpartpicker.com/static/forever/images/product/7879068c05667f6e0708d626ad00fe26.256p.jpg
be quiet! Light Loop Liquid CPU Cooler (BW022),https://cdna.pcpartpicker.com/static/forever/images/product/1099d7ff04fd6bcc7cfcfccaa12a67bb.256p.jpg
NZXT Kraken Plus 360 RGB 75.05 CFM Liquid CPU Cooler (RL-KR360-B2),https://cdna.pcpartpicker.com/static/forever/images/product/69cef3a37d5e45c5618c1a761e84c778.256p.jpg
Lian Li Galahad II LCD SL-INF 79.9 CFM Liquid CPU Cooler (GA2ALCD36INW),https://cdna.pcpartpicker.com/static/forever/images/product/e5e96aa397fa331b3b7853db14d451d3.256p.jpg
Montech HyperFlow ARGB 240 76.2 CFM Liquid CPU Cooler (HyperFlow ARGB 240 Black),https://m.media-amazon.com/images/I/41T3hOquPjL.jpg
Scythe Fuma 3 67.62 CFM CPU Cooler (SCFM-3000),https://cdna.pcpartpicker.com/static/forever/images/product/a099eed81cc4729754f632a86be57d8d.256p.jpg
Thermalright Peerless Assassin 120 SE V2 88.89 CFM CPU Cooler (Peerless Assassin 120 SE V2),https://m.media-amazon.com/images/I/411sKlRlkpL.jpg
Thermalright AXP120-X67 59 CFM CPU Cooler (AXP120-X67),https://m.media-amazon.com/images/I/41z2rCZPDML.jpg
Lian Li Galahad II Lite Performance 73.14 CFM Liquid CPU Cooler (GA2L36PB),https://cdna.pcpartpicker.com/static/forever/images/product/c148cd506d04c47865c6cb03cff65a9e.256p.jpg
Deepcool AK400 DIGITAL 68.99 CFM CPU Cooler (R-AK400-BKADMN-G),https://cdna.pcpartpicker.com/static/forever/images/product/cdd47d524615ffee254da2f4010c0562.256p.jpg
Thermalright Frozen Warframe ARGB 70.84 CFM Liquid CPU Cooler (Frozen Warframe 360 WHITE ARGB),https://cdna.pcpartpicker.com/static/forever/images/product/e85325f118022d8454235c180ed861b6.256p.jpg
Lian Li Hydroshift II LCD-C CL 72 CFM Liquid CPU Cooler (GHS2LCD36RW),https://cdna.pcpartpicker.com/static/forever/images/product/db3844cac7396b524234a4f5a13d7b8e.256p.jpg
iBuypower AW4 65 CFM Liquid CPU Cooler (FAN-IBP-006-B-R),https://cdna.pcpartpicker.com/static/forever/images/product/174290a09e576ba61b5073378b28f7c9.256p.jpg
Montech NX400 ARGB 85.09 CFM CPU Cooler (NX400ARGBB),https://cdna.pcpartpicker.com/static/forever/images/product/cc194d26f2f6a6b84c6f53b42c212319.256p.jpg
GAMDIAS AURA GL360 V2 73.6 CFM Liquid CPU Cooler (AURA GL360 V2),https://m.media-amazon.com/images/I/41I8-FlHqYL.jpg
ENDORFY Spartan 5 CPU Cooler (EY3A001),https://cdna.pcpartpicker.com/static/forever/images/product/71497cf92663ac447ebd1dd12525c26e.256p.jpg
Noctua NH-D12L CHROMAX.BLACK 60.09 CFM CPU Cooler (NH-D12L CHROMAX.BLACK),https://cdna.pcpartpicker.com/static/forever/images/product/eb80afdef342a39e4cebd7e8d614e815.256p.jpg
NZXT Kraken Elite 280 RGB (2024) 98.61 CFM Liquid CPU Cooler (RL-KR28E-B2),https://cdna.pcpartpicker.com/static/forever/images/product/7f66d7e0adf075d5c5c172d1538b032c.256p.jpg
Thermalright Frozen Prism 70.4 CFM Liquid CPU Cooler (Frozen Prism 360 BLACK),https://m.media-amazon.com/images/I/31EaXT2Hm7L.jpg
Cooler Master MasterLiquid 360L Core ARGB Liquid CPU Cooler (MLW-D36M-A18PZ-RW),https://cdna.pcpartpicker.com/static/forever/images/product/dec86c79e7955fc437dcc08ef38a8445.256p.jpg
